E,m,p, ,I,D
N,a,m,e
D,O,B
S,S,N
S,t,a,t,e
2,3,2
J,o,h,n, ,M,a,t,h,e,w,s
1,9,9,1,-,0,2,-,2,4
2,8,9,-,3,1,-,9,1,6,5
N,o,r,t,h, ,D,a,k,o,t,a
5,3,3
N,a,t,h,a,n, ,M,o,o,r,e
1,9,7,8,-,1,1,-,1,9
2,2,0,-,0,5,-,7,4,6,9
M,a,i,n,e
2,5,6
A,m,a,n,d,a, ,D,o,u,g,l,a,s
1,9,9,0,-,0,1,-,0,8
5,6,4,-,2,7,-,6,9,6,1
I,d,a,h,o
1,8,9
H,e,a,t,h,e,r, ,A,n,d,r,e,w,s
1,9,7,6,-,0,8,-,1,1
7,4,2,-,7,9,-,1,7,9,7
V,e,r,m,o,n,t
2,8,4
D,a,n,i,e,l, ,H,e,r,n,a,n,d,e,z
1,9,7,6,-,0,7,-,2,2
6,5,6,-,0,1,-,7,4,7,3
C,o,l,o,r,a,d,o
5,1,2
D,a,n,n,y, ,P,e,n,a
1,9,7,8,-,0,1,-,3,1
1,5,8,-,3,3,-,9,8,7,8
M,i,n,n,e,s,o,t,a
1,2,6
G,a,r,y, ,K,n,i,g,h,t
1,9,9,4,-,0,3,-,0,8
7,8,2,-,2,5,-,1,2,4,2
A,r,k,a,n,s,a,s
5,5,6
R,o,b,i,n, ,C,a,r,r,o,l,l
1,9,7,2,-,1,0,-,1,4
6,0,6,-,4,8,-,7,1,9,4
C,a,l,i,f,o,r,n,i,a
5,9,5
M,i,c,h,e,l,l,e, ,D,i,c,k,e,r,s,o,n
1,9,8,4,-,0,2,-,0,8
7,0,7,-,2,4,-,2,8,1,7
T,e,n,n,e,s,s,e,e
1,9,1
K,i,m,b,e,r,l,y, ,G,a,l,l,e,g,o,s
1,9,7,2,-,0,8,-,0,5
6,5,3,-,5,2,-,7,5,6,3
O,r,e,g,o,n
5,5
M,o,r,g,a,n, ,P,a,r,k,e,r
1,9,8,6,-,0,1,-,3,0
6,9,2,-,7,0,-,4,3,2,0
T,e,n,n,e,s,s,e,e
6,2,3
M,a,s,o,n, ,R,h,o,d,e,s
1,9,7,7,-,0,1,-,2,8
8,4,1,-,0,7,-,4,7,6,7
M,a,r,y,l,a,n,d
4,2,6
A,m,y, ,G,r,i,f,f,i,n
1,9,7,3,-,0,2,-,1,8
2,4,1,-,8,6,-,1,9,4,6
M,a,s,s,a,c,h,u,s,e,t,t,s
5,3,5
D,a,n,i,e,l,l,e, ,H,o,u,s,e
1,9,7,5,-,0,4,-,1,6
3,5,0,-,2,5,-,9,3,0,8
M,a,i,n,e
3,9,9
C,h,a,r,l,e,s, ,G,r,e,e,n,e
1,9,9,2,-,1,1,-,2,8
2,9,9,-,2,3,-,2,9,3,5
K,e,n,t,u,c,k,y
3,3
N,i,c,h,o,l,a,s, ,M,a,r,t,i,n,e,z
1,9,7,9,-,0,4,-,0,5
1,2,2,-,2,6,-,1,6,8,9
L,o,u,i,s,i,a,n,a
3,0,2
T,r,a,c,e,y, ,M,e,a,d,o,w,s
1,9,8,8,-,0,1,-,1,2
6,4,2,-,2,2,-,6,1,7,5
R,h,o,d,e, ,I,s,l,a,n,d
3,2,5
R,e,n,e,e, ,E,v,a,n,s
1,9,9,1,-,0,3,-,1,4
7,4,8,-,4,2,-,2,7,0,8
M,o,n,t,a,n,a
1,8,8
J,o,s,e,p,h, ,E,s,t,r,a,d,a
1,9,8,4,-,0,3,-,2,9
2,4,6,-,5,7,-,2,5,7,1
P,e,n,n,s,y,l,v,a,n,i,a
1,8,4
J,e,r,e,m,y, ,W,a,r,n,e,r
1,9,8,7,-,1,0,-,2,0
4,2,3,-,4,3,-,1,1,8,4
A,l,a,b,a,m,a
5,2,6
A,n,t,h,o,n,y, ,R,o,d,r,i,g,u,e,z
1,9,8,3,-,0,2,-,0,9
8,4,3,-,8,4,-,3,8,6,5
I,d,a,h,o
8,5
K,r,i,s,t,e,n, ,L,o,p,e,z
1,9,7,8,-,0,1,-,0,2
3,6,4,-,0,4,-,8,1,9,4
V,i,r,g,i,n,i,a
1,7,1
M,a,r,k, ,M,c,d,o,n,a,l,d
1,9,8,4,-,0,6,-,2,7
0,5,3,-,7,7,-,0,1,0,1
M,o,n,t,a,n,a
7,4
R,o,b,e,r,t, ,F,r,e,e,m,a,n
1,9,8,4,-,0,1,-,0,1
0,8,4,-,8,5,-,5,2,1,1
A,r,k,a,n,s,a,s
6,9
M,i,c,h,a,e,l, ,R,e,y,n,o,l,d,s
1,9,9,4,-,1,0,-,3,0
5,9,2,-,4,1,-,8,5,0,7
C,a,l,i,f,o,r,n,i,a
3,6,5
K,r,i,s,t,i,n,e, ,L,i,t,t,l,e
1,9,7,4,-,0,7,-,1,0
1,1,3,-,6,6,-,1,7,7,1
S,o,u,t,h, ,D,a,k,o,t,a
1,4,9
A,p,r,i,l, ,B,a,r,n,e,s
1,9,8,3,-,0,2,-,1,5
1,2,8,-,7,7,-,3,2,8,8
R,h,o,d,e, ,I,s,l,a,n,d
2,1,8
P,a,m,e,l,a, ,H,o,d,g,e,s
1,9,8,9,-,0,2,-,1,9
0,0,6,-,6,6,-,1,4,2,3
U,t,a,h
6,4,7
R,o,n,a,l,d, ,G,i,l,b,e,r,t
1,9,7,4,-,0,5,-,2,6
4,5,7,-,7,7,-,4,4,4,8
W,y,o,m,i,n,g
5,1,8
T,h,o,m,a,s, ,C,o,o,p,e,r
1,9,7,2,-,0,8,-,1,7
2,1,2,-,5,4,-,9,8,9,0
C,o,l,o,r,a,d,o
1,2
D,a,k,o,t,a, ,H,a,r,r,i,n,g,t,o,n
1,9,7,2,-,0,8,-,2,4
7,9,8,-,2,5,-,7,1,8,8
V,i,r,g,i,n,i,a
6,2,2
J,e,n,n,i,f,e,r, ,P,o,r,t,e,r
1,9,9,1,-,0,1,-,2,0
1,7,0,-,6,3,-,5,5,7,2
W,i,s,c,o,n,s,i,n
1,5,9
B,e,v,e,r,l,y, ,J,o,r,d,a,n
1,9,8,6,-,0,8,-,1,5
6,7,1,-,9,9,-,3,7,6,2
N,e,w, ,M,e,x,i,c,o
3,9,4
M,a,r,k, ,B,r,o,w,n
1,9,7,5,-,0,4,-,0,2
2,3,6,-,9,5,-,8,5,3,1
C,a,l,i,f,o,r,n,i,a
1,5,8
A,m,y, ,F,o,r,d
1,9,7,4,-,0,6,-,0,5
0,0,2,-,2,5,-,6,4,6,1
N,o,r,t,h, ,C,a,r,o,l,i,n,a
4,4,6
B,e,n,j,a,m,i,n, ,K,i,n,g
1,9,7,3,-,0,5,-,0,7
7,3,9,-,6,4,-,8,1,6,5
R,h,o,d,e, ,I,s,l,a,n,d
3,5,2
S,t,e,p,h,e,n, ,B,r,y,a,n,t
1,9,9,1,-,0,5,-,1,5
3,3,2,-,1,3,-,6,4,8,8
S,o,u,t,h, ,D,a,k,o,t,a
5,9,8
B,r,a,n,d,i, ,W,i,l,l,i,a,m,s
1,9,8,9,-,1,0,-,1,5
1,1,0,-,2,2,-,8,5,0,0
M,a,r,y,l,a,n,d
5,0,5
A,s,h,l,e,y, ,H,u,t,c,h,i,n,s,o,n
1,9,9,4,-,0,4,-,2,6
8,7,9,-,5,0,-,1,5,1,0
S,o,u,t,h, ,C,a,r,o,l,i,n,a
1,7,3
A,l,i,s,h,a, ,P,a,c,h,e,c,o
1,9,8,2,-,0,1,-,1,3
4,7,0,-,3,7,-,2,4,9,6
M,i,c,h,i,g,a,n
8,4
R,o,b,e,r,t, ,C,a,m,p,b,e,l,l
1,9,7,3,-,0,2,-,2,7
2,7,8,-,3,2,-,9,5,8,1
S,o,u,t,h, ,D,a,k,o,t,a
4,0,6
S,a,n,d,r,a, ,S,a,n,d,e,r,s
1,9,8,0,-,1,0,-,0,6
0,0,6,-,0,6,-,1,6,7,3
R,h,o,d,e, ,I,s,l,a,n,d
1,6,4
K,a,t,h,e,r,i,n,e, ,H,e,n,s,l,e,y
1,9,9,1,-,0,5,-,2,9
7,0,0,-,3,8,-,7,2,2,6
C,o,n,n,e,c,t,i,c,u,t
2,6,7
S,t,a,c,y, ,C,o,x
1,9,7,6,-,1,1,-,0,8
3,0,2,-,2,6,-,0,9,9,0
A,l,a,b,a,m,a
5,0,3
F,r,a,n,k, ,B,a,r,t,o,n
1,9,9,3,-,0,6,-,1,0
7,7,4,-,5,2,-,5,5,6,8
M,a,s,s,a,c,h,u,s,e,t,t,s
2,9,5
S,h,a,n,n,o,n, ,K,r,a,m,e,r
1,9,8,0,-,0,5,-,0,4
6,8,0,-,6,2,-,7,6,1,5
S,o,u,t,h, ,C,a,r,o,l,i,n,a
5,9,0
B,r,e,n,d,a, ,J,a,m,e,s
1,9,7,7,-,1,2,-,3,1
7,2,1,-,5,6,-,3,2,5,1
H,a,w,a,i,i
9,7
P,a,u,l,a, ,E,d,w,a,r,d,s
1,9,8,8,-,0,8,-,1,0
6,4,5,-,2,3,-,0,6,3,8
K,a,n,s,a,s
3
J,e,n,n,i,f,e,r, ,R,o,w,e
1,9,8,0,-,0,9,-,1,6
8,0,1,-,6,0,-,9,0,1,4
N,e,w, ,Y,o,r,k
2,0
D,a,v,i,d, ,F,o,s,t,e,r
1,9,9,0,-,0,1,-,0,9
3,6,5,-,2,6,-,6,9,5,6
M,i,s,s,o,u,r,i
1,7,9
W,i,l,l,i,a,m, ,B,o,y,l,e
1,9,8,8,-,0,1,-,3,0
8,3,4,-,6,3,-,0,4,9,0
A,r,k,a,n,s,a,s
8,6
C,h,r,i,s,t,o,p,h,e,r, ,G,r,e,e,n,e
1,9,7,2,-,0,5,-,2,9
5,3,0,-,9,2,-,8,4,4,6
I,d,a,h,o
2,1,9
M,a,t,t,h,e,w, ,F,u,l,l,e,r
1,9,8,0,-,0,4,-,2,7
7,3,8,-,3,9,-,2,9,8,9
M,i,s,s,i,s,s,i,p,p,i
2,3,7
G,a,b,r,i,e,l,a, ,N,g,u,y,e,n
1,9,8,1,-,1,2,-,1,7
0,7,5,-,7,3,-,3,7,2,9
W,a,s,h,i,n,g,t,o,n
9,6
A,l,l,i,s,o,n, ,D,i,a,z
1,9,9,4,-,0,3,-,2,5
2,8,1,-,5,2,-,8,9,2,7
A,r,k,a,n,s,a,s
2,2
I,s,a,a,c, ,J,o,r,d,a,n
1,9,8,6,-,0,5,-,0,6
4,8,8,-,2,9,-,0,5,2,0
T,e,x,a,s
4,3,9
C,h,e,r,y,l, ,B,a,i,l,e,y
1,9,9,1,-,1,0,-,3,1
4,2,6,-,9,4,-,1,2,2,4
N,o,r,t,h, ,C,a,r,o,l,i,n,a
1,4,6
J,u,l,i,e, ,C,a,s,t,i,l,l,o
1,9,8,8,-,0,2,-,1,6
8,7,6,-,2,1,-,4,5,2,3
A,l,a,s,k,a
2,7,1
M,i,c,h,a,e,l, ,A,d,a,m,s
1,9,8,6,-,1,2,-,1,0
0,7,0,-,0,9,-,3,9,2,7
F,l,o,r,i,d,a
1,0,3
M,e,l,i,n,d,a, ,P,a,r,s,o,n,s
1,9,8,6,-,0,2,-,0,7
6,0,0,-,9,0,-,8,7,5,1
N,e,b,r,a,s,k,a
5,4,0
R,o,b,e,r,t, ,C,a,m,p,b,e,l,l
1,9,8,7,-,0,1,-,1,7
3,6,8,-,6,9,-,3,6,9,4
D,e,l,a,w,a,r,e
1,4,4
J,u,l,i,e, ,N,e,l,s,o,n
1,9,9,4,-,0,8,-,0,8
6,9,5,-,5,7,-,1,3,3,2
S,o,u,t,h, ,D,a,k,o,t,a
5,9,4
S,t,e,v,e,n, ,N,e,l,s,o,n
1,9,8,9,-,0,4,-,1,4
6,6,4,-,3,8,-,2,0,8,5
V,e,r,m,o,n,t
1,7,6
H,a,i,l,e,y, ,L,y,n,n
1,9,7,3,-,0,3,-,2,5
8,6,3,-,7,5,-,9,4,8,8
C,a,l,i,f,o,r,n,i,a
1,9,8
D,i,l,l,o,n, ,N,g,u,y,e,n
1,9,7,8,-,0,5,-,2,6
5,1,5,-,2,8,-,4,5,5,2
I,l,l,i,n,o,i,s
4,3,3
H,a,n,n,a,h, ,M,i,l,l,e,r
1,9,7,3,-,1,0,-,1,8
7,1,0,-,6,1,-,4,6,5,7
N,e,w, ,Y,o,r,k
2,7,4
J,e,f,f,r,e,y, ,H,a,r,r,i,s
1,9,9,4,-,0,5,-,2,5
1,1,7,-,7,0,-,4,7,6,3
K,e,n,t,u,c,k,y
6
D,a,n,i,e,l, ,W,e,l,c,h
1,9,8,2,-,0,8,-,0,8
0,0,1,-,9,0,-,6,9,5,0
I,l,l,i,n,o,i,s
4,5,2
B,r,y,a,n, ,J,a,c,k,s,o,n
1,9,8,2,-,0,9,-,0,8
8,0,1,-,7,2,-,8,1,1,7
M,a,r,y,l,a,n,d
2,3
D,e,n,i,s,e, ,G,e,o,r,g,e
1,9,9,0,-,0,9,-,0,7
0,2,2,-,0,5,-,4,8,7,9
W,i,s,c,o,n,s,i,n
3,7,3
A,l,i,c,i,a, ,C,a,r,n,e,y
1,9,8,9,-,0,9,-,1,0
5,6,8,-,8,3,-,9,4,3,7
O,h,i,o
3,7,4
W,i,l,l,i,a,m, ,P,e,t,e,r,s
1,9,8,6,-,0,3,-,2,0
7,1,6,-,8,0,-,7,5,1,6
K,e,n,t,u,c,k,y
2,0,0
D,u,s,t,i,n, ,D,r,a,k,e
1,9,9,3,-,0,9,-,1,7
2,5,7,-,7,3,-,5,4,5,4
W,e,s,t, ,V,i,r,g,i,n,i,a
4,2,8
J,e,s,s,i,c,a, ,T,h,o,r,n,t,o,n
1,9,8,3,-,0,1,-,0,3
5,4,6,-,2,7,-,2,3,8,1
K,a,n,s,a,s
1,1,6
R,e,b,e,c,c,a, ,W,i,l,s,o,n
1,9,8,0,-,0,6,-,0,8
7,6,0,-,7,0,-,6,6,2,9
M,i,c,h,i,g,a,n
4,1,8
K,a,t,h,e,r,i,n,e, ,L,a,n,e
1,9,8,6,-,1,1,-,0,1
0,1,9,-,8,9,-,6,8,2,0
N,e,w, ,H,a,m,p,s,h,i,r,e
9
S,a,r,a,h, ,H,a,r,p,e,r
1,9,9,3,-,0,7,-,2,7
8,2,4,-,1,4,-,5,8,9,1
A,l,a,s,k,a
2,3,0
J,e,r,m,a,i,n,e, ,H,i,l,l
1,9,8,8,-,0,9,-,1,1
1,2,6,-,4,9,-,5,4,7,9
N,e,w, ,J,e,r,s,e,y
5,0,2
M,i,c,h,a,e,l, ,M,a,r,s,h,a,l,l
1,9,9,0,-,0,4,-,0,5
1,1,8,-,9,3,-,5,1,2,5
M,i,c,h,i,g,a,n
6,3,2
K,i,r,s,t,e,n, ,M,c,b,r,i,d,e
1,9,7,3,-,0,9,-,1,0
7,9,7,-,7,1,-,2,3,7,2
I,o,w,a
1,1,2
R,a,c,h,a,e,l, ,H,o,l,m,e,s
1,9,7,3,-,0,7,-,3,0
0,9,6,-,0,4,-,2,0,6,7
G,e,o,r,g,i,a
4,2,2
L,e,o,n, ,F,o,s,t,e,r
1,9,7,5,-,0,9,-,1,9
4,1,3,-,3,8,-,3,1,5,3
S,o,u,t,h, ,C,a,r,o,l,i,n,a
1,3,1
D,a,v,i,d, ,M,c,c,l,a,i,n
1,9,7,6,-,0,8,-,0,2
0,7,5,-,4,9,-,5,4,3,0
O,h,i,o
4,0,4
E,m,i,l,y, ,L,a,w,r,e,n,c,e
1,9,9,1,-,1,1,-,2,4
2,2,4,-,1,0,-,1,9,9,1
T,e,n,n,e,s,s,e,e
5,0,4
T,r,o,y, ,B,o,o,t,h
1,9,9,0,-,1,2,-,2,7
4,8,5,-,1,3,-,5,1,4,1
T,e,n,n,e,s,s,e,e
1,9,4
S,t,e,p,h,a,n,i,e, ,H,o
1,9,8,3,-,0,4,-,2,5
2,0,4,-,5,1,-,3,6,5,6
K,a,n,s,a,s
5,6,7
M,i,c,h,e,l,e, ,H,e,n,d,r,i,c,k,s
1,9,9,0,-,0,3,-,1,0
7,3,7,-,4,2,-,7,3,4,1
M,i,s,s,i,s,s,i,p,p,i
2,5,3
E,r,i,c, ,H,a,r,p,e,r
1,9,8,6,-,1,1,-,1,2
0,6,7,-,0,2,-,2,8,6,0
N,e,v,a,d,a
4,0,7
J,o,n,a,t,h,a,n, ,G,o,m,e,z
1,9,9,3,-,0,6,-,0,5
3,9,5,-,9,9,-,4,7,2,7
S,o,u,t,h, ,D,a,k,o,t,a
8,2
K,e,v,i,n, ,G,a,r,c,i,a
1,9,7,7,-,1,1,-,2,5
2,0,6,-,6,5,-,4,7,2,2
N,e,v,a,d,a
4,2,9
H,o,w,a,r,d, ,L,a,w,s,o,n
1,9,8,4,-,0,4,-,1,3
4,0,1,-,1,4,-,7,6,6,4
M,i,c,h,i,g,a,n
7,8
S,t,a,c,y, ,R,o,b,e,r,t,s,o,n
1,9,7,4,-,0,9,-,2,4
5,7,1,-,3,9,-,0,2,4,8
W,y,o,m,i,n,g
1,6,7
J,o,h,n, ,B,e,c,k
1,9,8,5,-,0,7,-,2,7
5,2,4,-,3,3,-,3,6,3,5
A,r,k,a,n,s,a,s
4,8,4
J,u,l,i,a, ,M,o,r,g,a,n
1,9,7,6,-,0,3,-,1,8
7,6,7,-,2,0,-,1,7,3,1
W,i,s,c,o,n,s,i,n
6,0
A,l,l,e,n, ,L,e,o,n
1,9,7,5,-,0,4,-,0,6
8,4,1,-,3,6,-,9,0,8,9
M,i,c,h,i,g,a,n
4,0,0
J,a,m,e,s, ,R,i,o,s
1,9,7,8,-,0,3,-,0,4
3,8,3,-,0,8,-,3,9,8,7
I,d,a,h,o
3,4
R,a,l,p,h, ,W,e,l,l,s
1,9,8,8,-,1,0,-,1,9
2,1,6,-,4,3,-,4,2,3,7
K,a,n,s,a,s
5,9,6
M,e,g,a,n, ,C,h,a,v,e,z
1,9,9,1,-,1,0,-,0,8
7,4,7,-,9,1,-,7,6,5,9
C,o,n,n,e,c,t,i,c,u,t
2,7,9
A,s,h,l,e,y, ,P,a,t,r,i,c,k
1,9,7,4,-,0,6,-,0,7
8,3,9,-,2,6,-,0,7,6,3
W,y,o,m,i,n,g
4,6,6
B,o,n,n,i,e, ,B,o,w,e,n
1,9,9,3,-,1,1,-,0,7
8,0,0,-,7,0,-,5,8,8,9
I,d,a,h,o
3,2,7
A,n,d,r,e,w, ,L,a,w,s,o,n
1,9,8,2,-,0,4,-,0,5
8,5,6,-,8,0,-,7,3,1,3
M,o,n,t,a,n,a
3,8,2
T,o,n,y,a, ,C,h,a,v,e,z
1,9,8,4,-,0,4,-,1,7
7,8,6,-,5,7,-,5,7,0,3
M,o,n,t,a,n,a
3,6,9
M,i,c,h,e,l,l,e, ,L,a,r,s,o,n
1,9,8,0,-,0,3,-,2,0
5,3,2,-,6,9,-,3,8,6,6
F,l,o,r,i,d,a
3,4,7
M,a,r,k, ,G,a,r,r,e,t,t
1,9,8,5,-,0,9,-,1,8
4,0,2,-,2,4,-,4,4,0,8
W,y,o,m,i,n,g
2,5
C,h,e,l,s,e,a, ,R,i,v,e,r,a
1,9,8,7,-,0,6,-,2,1
0,8,5,-,2,1,-,0,1,4,0
N,e,w, ,H,a,m,p,s,h,i,r,e
3,1,7
A,m,a,n,d,a, ,K,r,a,u,s,e
1,9,7,7,-,1,1,-,0,6
1,1,3,-,4,1,-,4,7,4,4
I,l,l,i,n,o,i,s
3,2,1
P,a,i,g,e, ,S,p,e,n,c,e,r
1,9,9,1,-,0,9,-,0,2
3,6,3,-,5,4,-,8,6,2,1
N,e,w, ,Y,o,r,k
1,9,3
R,h,o,n,d,a, ,G,o,n,z,a,l,e,s
1,9,7,6,-,0,6,-,0,7
5,1,6,-,6,4,-,4,1,1,0
I,d,a,h,o
6,0,6
J,a,s,m,i,n,e, ,K,e,l,l,y
1,9,7,9,-,0,6,-,3,0
0,5,5,-,8,0,-,3,2,5,1
M,i,n,n,e,s,o,t,a
1,2,3
A,m,y, ,S,h,e,r,m,a,n
1,9,7,3,-,0,8,-,0,4
7,8,2,-,6,5,-,6,0,2,9
N,e,w, ,J,e,r,s,e,y
5,6,6
D,a,v,i,d, ,A,r,r,o,y,o
1,9,7,5,-,0,4,-,1,6
7,3,2,-,9,4,-,9,4,0,3
F,l,o,r,i,d,a
4,0,9
R,o,b,e,r,t, ,L,i,n
1,9,7,5,-,1,1,-,1,2
5,6,1,-,5,5,-,0,1,2,1
A,r,i,z,o,n,a
2,6,5
P,a,u,l, ,W,i,l,s,o,n
1,9,9,3,-,0,6,-,1,9
3,9,1,-,9,1,-,9,8,7,1
I,o,w,a
4,9,0
P,a,u,l, ,M,e,y,e,r,s
1,9,8,9,-,0,3,-,1,3
4,0,4,-,5,3,-,1,6,8,0
H,a,w,a,i,i
3,1,1
J,e,s,s,i,c,a, ,E,l,l,i,o,t,t
1,9,7,8,-,0,6,-,0,4
7,7,2,-,7,7,-,1,6,3,2
O,h,i,o
5,3,7
A,n,t,h,o,n,y, ,R,i,c,h,m,o,n,d
1,9,8,9,-,1,0,-,0,5
0,8,0,-,3,3,-,8,9,3,5
A,r,k,a,n,s,a,s
1,4,7
W,i,l,l,i,a,m, ,R,i,v,e,r,a
1,9,7,5,-,0,3,-,0,8
8,0,3,-,0,2,-,7,0,3,2
S,o,u,t,h, ,D,a,k,o,t,a
3,0,4
S,h,e,r,i, ,V,i,l,l,e,g,a,s
1,9,8,5,-,0,2,-,1,3
4,6,5,-,8,0,-,8,6,2,9
O,r,e,g,o,n
4,7,2
K,e,l,l,y, ,H,o,p,k,i,n,s
1,9,8,4,-,1,0,-,0,8
8,9,0,-,8,6,-,6,8,7,5
H,a,w,a,i,i
3,4,8
D,a,r,r,e,n, ,F,a,r,r,e,l,l
1,9,9,1,-,0,5,-,2,4
6,7,8,-,9,5,-,5,8,8,5
C,a,l,i,f,o,r,n,i,a
9,1
D,a,r,l,e,n,e, ,H,a,r,m,o,n
1,9,8,0,-,0,5,-,0,5
2,2,7,-,6,5,-,3,0,5,2
W,e,s,t, ,V,i,r,g,i,n,i,a
4,1,0
R,a,c,h,e,l, ,L,y,o,n,s
1,9,7,2,-,0,8,-,2,9
2,9,6,-,7,9,-,0,9,0,0
M,a,i,n,e
3,4,4
D,a,v,i,d, ,J,a,c,o,b,s
1,9,8,2,-,0,2,-,2,8
0,6,5,-,4,1,-,3,6,8,2
F,l,o,r,i,d,a
4,1,9
C,h,r,i,s,t,i,n,a, ,W,e,e,k,s
1,9,7,2,-,1,0,-,1,5
7,4,0,-,2,8,-,2,0,2,8
P,e,n,n,s,y,l,v,a,n,i,a
1
A,n,d,r,e,a, ,A,n,d,e,r,s,o,n
1,9,8,4,-,1,1,-,1,2
8,1,8,-,9,1,-,5,6,5,0
C,o,n,n,e,c,t,i,c,u,t
5,3,2
J,e,n,n,i,f,e,r, ,S,m,i,t,h
1,9,8,9,-,0,1,-,3,1
7,0,5,-,3,4,-,1,7,4,8
G,e,o,r,g,i,a
1,0,7
S,h,i,r,l,e,y, ,A,n,d,r,e,w,s
1,9,8,1,-,1,2,-,0,7
7,2,3,-,9,9,-,5,3,0,6
O,h,i,o
1,6,6
A,d,r,i,a,n, ,R,i,v,e,r,a
1,9,7,3,-,0,2,-,1,3
1,4,4,-,9,5,-,5,6,3,8
M,a,s,s,a,c,h,u,s,e,t,t,s
3,9,1
G,e,o,r,g,e, ,M,c,k,i,n,n,e,y
1,9,8,4,-,0,2,-,0,4
7,5,5,-,3,3,-,7,7,4,8
U,t,a,h
6,7
H,a,i,l,e,y, ,B,o,y,d
1,9,8,0,-,1,1,-,1,7
0,8,6,-,7,7,-,0,2,7,0
N,e,w, ,Y,o,r,k
4,4,7
T,i,f,f,a,n,y, ,H,a,r,r,i,s
1,9,8,3,-,0,1,-,1,2
1,2,1,-,8,3,-,9,7,3,3
W,e,s,t, ,V,i,r,g,i,n,i,a
6,5,3
M,a,r,y, ,H,u,n,t,e,r
1,9,7,7,-,1,1,-,0,1
1,7,7,-,5,7,-,6,6,2,3
T,e,x,a,s
2,9,4
R,o,b,e,r,t, ,E,d,w,a,r,d,s
1,9,8,0,-,0,4,-,0,7
0,9,6,-,7,7,-,5,2,1,5
G,e,o,r,g,i,a
4,1,6
B,a,r,b,a,r,a, ,L,a,m,b,e,r,t
1,9,7,9,-,0,9,-,0,7
1,6,5,-,5,2,-,5,3,5,3
I,d,a,h,o
1,8,5
A,n,g,e,l,a, ,A,r,m,s,t,r,o,n,g
1,9,9,0,-,0,3,-,2,2
2,6,9,-,9,9,-,2,4,4,6
N,e,w, ,Y,o,r,k
6,3,7
B,r,e,t,t, ,W,a,r,d
1,9,7,9,-,0,9,-,2,7
7,0,0,-,7,1,-,0,2,0,4
M,i,n,n,e,s,o,t,a
3,3,3
T,r,o,y, ,S,a,n,c,h,e,z
1,9,9,0,-,1,1,-,1,5
1,6,8,-,4,4,-,2,0,5,2
O,k,l,a,h,o,m,a
5,7,9
G,a,r,r,e,t,t, ,C,a,r,t,e,r
1,9,8,8,-,0,9,-,2,6
6,5,2,-,5,8,-,7,2,4,6
C,a,l,i,f,o,r,n,i,a
2,1,5
J,a,m,e,s, ,R,e,e,v,e,s
1,9,8,8,-,0,1,-,3,1
7,7,0,-,5,4,-,1,6,2,0
I,n,d,i,a,n,a
1,5,2
M,a,r,y, ,B,a,k,e,r
1,9,7,9,-,0,7,-,0,8
5,3,3,-,8,8,-,0,9,5,4
M,i,c,h,i,g,a,n
3,0,1
A,l,e,x,a,n,d,r,a, ,B,r,a,d,l,e,y
1,9,8,0,-,0,6,-,1,3
6,6,7,-,9,0,-,9,3,9,0
A,l,a,b,a,m,a
5,7,2
A,a,r,o,n, ,J,a,m,e,s
1,9,7,4,-,0,3,-,2,5
7,7,8,-,1,3,-,4,5,9,6
O,r,e,g,o,n
1,6,5
T,h,o,m,a,s, ,W,o,o,d
1,9,7,9,-,0,8,-,2,1
2,4,8,-,1,7,-,8,2,6,9
T,e,n,n,e,s,s,e,e
6,3,9
C,h,a,r,l,e,n,e, ,J,a,c,k,s,o,n
1,9,8,9,-,1,0,-,2,8
7,3,8,-,4,5,-,8,8,0,9
W,y,o,m,i,n,g
4,0,5
M,a,r,y, ,R,o,b,b,i,n,s
1,9,7,5,-,1,2,-,0,1
4,0,7,-,6,3,-,9,5,1,4
F,l,o,r,i,d,a
3,9,0
K,a,y,l,a, ,W,a,s,h,i,n,g,t,o,n
1,9,8,5,-,1,0,-,0,8
5,4,1,-,2,1,-,6,2,1,8
C,o,n,n,e,c,t,i,c,u,t
6,4,1
K,i,m,b,e,r,l,y, ,K,n,a,p,p
1,9,9,2,-,1,1,-,2,3
7,2,7,-,4,8,-,1,1,2,2
C,o,l,o,r,a,d,o
5,1
N,i,c,h,o,l,a,s, ,B,r,o,w,n
1,9,8,8,-,0,9,-,1,8
0,8,4,-,5,6,-,2,8,6,9
S,o,u,t,h, ,C,a,r,o,l,i,n,a
4,2,1
R,e,b,e,c,c,a, ,M,a,r,s,h,a,l,l
1,9,7,4,-,0,5,-,0,6
7,7,3,-,3,3,-,1,0,2,0
P,e,n,n,s,y,l,v,a,n,i,a
1,0,6
M,a,r,k, ,S,m,i,t,h
1,9,7,9,-,0,7,-,0,7
5,2,2,-,6,0,-,5,3,8,1
N,o,r,t,h, ,D,a,k,o,t,a
3,7,9
A,d,a,m, ,H,a,r,r,e,l,l
1,9,8,1,-,1,0,-,1,8
4,6,9,-,7,4,-,0,7,4,2
W,e,s,t, ,V,i,r,g,i,n,i,a
7,6
S,t,e,v,e, ,D,a,n,i,e,l,s
1,9,8,0,-,0,9,-,1,4
1,8,5,-,8,6,-,3,5,3,7
C,o,l,o,r,a,d,o
6,8
V,i,c,t,o,r,i,a, ,P,o,t,t,e,r
1,9,8,8,-,0,3,-,2,5
0,1,0,-,6,8,-,4,2,9,0
U,t,a,h
1,1,8
K,a,t,h,y, ,P,r,e,s,t,o,n
1,9,9,0,-,0,3,-,0,6
4,2,4,-,2,7,-,9,9,6,0
L,o,u,i,s,i,a,n,a
1,2,7
M,i,c,h,a,e,l, ,D,o,n,a,l,d,s,o,n
1,9,9,5,-,0,1,-,0,1
1,9,9,-,5,8,-,7,6,2,4
C,a,l,i,f,o,r,n,i,a
5,4,2
B,r,i,a,n, ,B,r,i,d,g,e,s
1,9,7,6,-,0,2,-,2,2
5,7,5,-,8,5,-,4,5,4,6
M,i,n,n,e,s,o,t,a
1,8,1
M,a,r,t,h,a, ,G,o,n,z,a,l,e,z
1,9,8,1,-,0,1,-,1,7
6,8,6,-,2,9,-,8,3,4,2
K,a,n,s,a,s
1,1,1
P,a,u,l, ,R,o,g,e,r,s
1,9,9,2,-,0,1,-,1,0
7,4,6,-,0,1,-,6,2,8,4
M,o,n,t,a,n,a
4,8,1
D,a,w,n, ,G,a,l,v,a,n
1,9,8,9,-,0,9,-,0,3
2,6,5,-,6,8,-,8,0,5,8
T,e,n,n,e,s,s,e,e
5,6,8
A,m,b,e,r, ,W,e,s,t
1,9,7,8,-,0,1,-,1,9
5,5,7,-,2,6,-,7,3,6,3
N,o,r,t,h, ,D,a,k,o,t,a
3,9,5
C,h,r,i,s,t,o,p,h,e,r, ,G,u,e,r,r,e,r,o
1,9,8,3,-,0,1,-,2,9
8,5,2,-,2,4,-,4,0,3,6
W,y,o,m,i,n,g
3,4,5
S,t,a,c,y, ,B,r,o,o,k,s
1,9,9,1,-,0,6,-,1,7
1,4,5,-,6,4,-,4,6,6,1
S,o,u,t,h, ,C,a,r,o,l,i,n,a
4,3,8
D,a,n,i,e,l,l,e, ,K,a,i,s,e,r
1,9,7,5,-,0,8,-,2,1
5,6,3,-,8,5,-,9,7,6,4
A,l,a,b,a,m,a
4,0,3
T,a,y,l,o,r, ,B,o,y,l,e
1,9,7,9,-,0,9,-,2,6
2,4,0,-,3,2,-,9,7,5,6
M,a,r,y,l,a,n,d
1,8,0
D,o,n,n,a, ,H,o,w,a,r,d
1,9,7,8,-,1,2,-,1,6
5,8,7,-,3,7,-,3,4,1,6
C,a,l,i,f,o,r,n,i,a
6,1,6
A,n,n,e, ,R,i,o,s
1,9,7,4,-,1,1,-,2,6
7,4,3,-,7,3,-,6,5,1,3
H,a,w,a,i,i
5,6
T,h,e,r,e,s,a, ,B,a,r,n,e,s
1,9,7,6,-,0,9,-,2,8
2,5,4,-,3,5,-,2,0,5,4
C,o,n,n,e,c,t,i,c,u,t
1,5,3
L,o,r,i, ,T,a,t,e
1,9,7,7,-,0,3,-,0,8
1,1,1,-,2,6,-,9,1,2,3
N,e,w, ,M,e,x,i,c,o
5,5,1
A,l,e,x,a,n,d,r,i,a, ,B,a,k,e,r
1,9,7,4,-,1,1,-,0,2
3,6,6,-,9,5,-,3,2,0,0
N,e,v,a,d,a
1,3,5
S,t,e,p,h,e,n, ,H,e,n,s,l,e,y
1,9,7,8,-,0,9,-,3,0
8,9,4,-,6,0,-,5,3,7,2
G,e,o,r,g,i,a
5,0,0
J,e,n,n,i,f,e,r, ,F,i,s,c,h,e,r
1,9,8,3,-,1,1,-,1,9
2,3,8,-,1,4,-,5,6,0,9
U,t,a,h
2,4
P,a,m,e,l,a, ,R,o,b,i,n,s,o,n
1,9,8,1,-,0,2,-,2,1
0,4,7,-,8,0,-,4,2,7,5
N,e,w, ,M,e,x,i,c,o
8,1
B,r,e,n,d,a,n, ,G,o,n,z,a,l,e,z
1,9,9,1,-,0,8,-,0,2
6,1,1,-,6,0,-,9,9,9,3
S,o,u,t,h, ,C,a,r,o,l,i,n,a
5,0
R,i,c,h,a,r,d, ,T,u,r,n,e,r
1,9,8,2,-,1,2,-,2,4
1,1,4,-,0,8,-,9,9,2,4
T,e,n,n,e,s,s,e,e
3,2,8
M,i,c,h,a,e,l, ,R,o,b,i,n,s,o,n
1,9,7,3,-,1,0,-,2,2
5,5,8,-,2,0,-,2,3,5,5
I,l,l,i,n,o,i,s
4,0,2
P,a,t,r,i,c,i,a, ,S,h,a,r,p
1,9,8,7,-,0,7,-,1,3
3,3,2,-,9,9,-,0,3,0,6
M,a,r,y,l,a,n,d
2,5,5
E,l,i,z,a,b,e,t,h, ,A,v,i,l,a
1,9,7,7,-,0,3,-,1,5
3,6,1,-,8,6,-,8,4,5,3
N,e,w, ,H,a,m,p,s,h,i,r,e
4,1,3
C,h,r,i,s,t,o,p,h,e,r, ,M,a,r,t,i,n,e,z
1,9,7,8,-,1,2,-,2,8
5,7,5,-,6,3,-,8,7,7,4
C,o,n,n,e,c,t,i,c,u,t
5,0,7
I,s,a,a,c, ,W,o,o,d,s
1,9,8,4,-,0,3,-,2,0
6,1,5,-,9,1,-,6,2,2,7
A,l,a,s,k,a
6,2
A,d,r,i,a,n,a, ,W,o,l,f
1,9,9,4,-,1,0,-,1,7
5,8,9,-,2,4,-,1,7,0,2
O,r,e,g,o,n
1,5,0
D,a,v,i,d, ,P,e,a,r,s,o,n
1,9,8,2,-,0,6,-,1,4
1,2,2,-,4,3,-,1,7,8,1
A,l,a,b,a,m,a
1,0,9
M,a,t,t,h,e,w, ,K,r,a,m,e,r
1,9,8,8,-,0,5,-,1,4
4,7,4,-,3,9,-,4,8,6,0
R,h,o,d,e, ,I,s,l,a,n,d
3,1,0
P,a,m,e,l,a, ,A,r,c,h,e,r
1,9,8,7,-,1,0,-,2,5
7,7,5,-,8,5,-,2,6,2,5
W,e,s,t, ,V,i,r,g,i,n,i,a
2,4,3
C,h,a,r,l,e,s, ,S,t,o,u,t
1,9,7,6,-,1,2,-,0,5
2,0,7,-,8,1,-,1,9,9,7
K,a,n,s,a,s
7,2
D,a,n,i,e,l, ,B,o,y,d
1,9,7,8,-,0,7,-,1,8
4,0,2,-,9,4,-,1,2,2,0
N,e,w, ,Y,o,r,k
6,0,8
J,i,m,m,y, ,J,o,n,e,s
1,9,7,3,-,0,2,-,1,9
6,9,9,-,5,3,-,2,0,3,0
M,a,s,s,a,c,h,u,s,e,t,t,s
1,9
R,e,b,e,c,c,a, ,H,a,m,m,o,n,d
1,9,7,2,-,0,2,-,2,1
6,1,7,-,7,3,-,2,7,0,6
L,o,u,i,s,i,a,n,a
3,0
E,m,i,l,y, ,D,i,a,z
1,9,8,6,-,1,2,-,0,4
3,8,3,-,5,7,-,9,1,7,4
A,l,a,s,k,a
1,1,9
C,h,a,d, ,W,i,s,e
1,9,8,8,-,1,1,-,1,0
6,2,8,-,3,0,-,1,3,5,5
C,o,l,o,r,a,d,o
1,6,2
T,o,d,d, ,D,u,r,a,n
1,9,7,6,-,0,1,-,1,4
2,9,7,-,2,9,-,1,8,3,2
K,e,n,t,u,c,k,y
1,9,9
B,r,i,a,n, ,M,c,l,a,u,g,h,l,i,n
1,9,8,7,-,0,9,-,2,1
7,1,9,-,8,1,-,2,8,7,6
P,e,n,n,s,y,l,v,a,n,i,a
1,8,7
K,a,t,h,e,r,i,n,e, ,R,o,g,e,r,s
1,9,8,8,-,0,5,-,1,3
1,6,7,-,4,1,-,9,5,0,0
M,a,i,n,e
1,0,2
J,o,s,e,p,h, ,A,d,a,m,s
1,9,7,9,-,0,1,-,1,8
4,0,9,-,6,5,-,7,7,7,8
W,i,s,c,o,n,s,i,n
3,8,5
D,a,v,i,d, ,L,o,w,e,r,y
1,9,8,7,-,1,0,-,2,1
5,8,5,-,1,3,-,7,9,6,3
U,t,a,h
6,2,6
J,a,n,i,c,e, ,Y,o,u,n,g
1,9,8,8,-,0,7,-,0,7
8,9,1,-,3,2,-,4,8,6,3
W,a,s,h,i,n,g,t,o,n
5,2,8
A,n,n,a, ,M,a,t,t,h,e,w,s
1,9,9,1,-,0,2,-,0,9
5,0,0,-,3,5,-,4,4,7,4
T,e,n,n,e,s,s,e,e
3,1
K,a,t,i,e, ,G,a,r,c,i,a
1,9,8,3,-,0,3,-,2,2
7,0,2,-,0,4,-,8,4,6,2
A,l,a,s,k,a
4,3
M,a,r,i,a, ,E,s,t,r,a,d,a
1,9,9,0,-,0,4,-,3,0
5,4,9,-,3,2,-,8,1,0,8
L,o,u,i,s,i,a,n,a
1,6,9
A,s,h,l,e,y, ,S,m,i,t,h
1,9,8,3,-,0,7,-,1,6
7,5,0,-,5,2,-,8,7,2,0
T,e,x,a,s
2,0,4
A,m,y, ,W,r,i,g,h,t
1,9,9,1,-,1,0,-,1,5
7,6,4,-,4,8,-,8,6,4,1
C,a,l,i,f,o,r,n,i,a
4,9,4
H,e,a,t,h,e,r, ,S,c,o,t,t
1,9,8,2,-,0,8,-,2,0
2,9,5,-,8,9,-,0,3,6,1
N,e,w, ,H,a,m,p,s,h,i,r,e
2,3,3
J,o,h,n, ,A,n,d,e,r,s,o,n
1,9,7,3,-,0,5,-,3,0
5,4,8,-,9,8,-,6,6,8,1
N,e,w, ,Y,o,r,k
6,3,8
J,o,h,n, ,A,n,d,e,r,s,o,n
1,9,8,3,-,0,1,-,0,7
6,5,3,-,0,1,-,7,9,3,5
U,t,a,h
5,7
K,i,m,b,e,r,l,y, ,H,a,r,r,i,s
1,9,8,8,-,1,0,-,0,1
8,0,7,-,7,3,-,5,4,5,9
I,o,w,a
6,4,8
C,h,r,i,s,t,o,p,h,e,r, ,S,m,i,t,h
1,9,7,6,-,1,1,-,2,3
8,7,8,-,4,6,-,2,5,2,1
W,i,s,c,o,n,s,i,n
1,9,2
D,a,n,i,e,l, ,S,i,n,g,h
1,9,8,0,-,1,2,-,2,5
4,7,8,-,2,7,-,7,5,2,1
V,i,r,g,i,n,i,a
7,3
M,i,r,a,n,d,a, ,N,g,u,y,e,n
1,9,8,1,-,0,8,-,1,2
1,6,6,-,9,3,-,2,5,8,5
M,a,i,n,e
4,7,7
G,r,e,g,o,r,y, ,S,i,m,p,s,o,n
1,9,9,0,-,0,7,-,0,9
0,8,6,-,1,8,-,9,3,6,5
C,o,l,o,r,a,d,o
4,1,1
D,a,n,i,e,l, ,B,r,o,w,n
1,9,8,4,-,0,4,-,1,9
8,0,8,-,2,8,-,6,5,2,6
N,e,w, ,M,e,x,i,c,o
6,3,0
S,u,s,a,n, ,T,h,o,m,p,s,o,n
1,9,8,5,-,0,5,-,1,7
5,1,8,-,5,4,-,6,0,7,4
T,e,n,n,e,s,s,e,e
6,0,0
R,i,c,k, ,J,o,h,n,s
1,9,8,4,-,0,7,-,3,0
5,3,7,-,6,2,-,7,1,2,1
N,e,v,a,d,a
6,3,4
S,e,a,n, ,C,a,l,h,o,u,n
1,9,7,8,-,0,7,-,3,1
7,9,9,-,2,6,-,2,2,6,1
S,o,u,t,h, ,D,a,k,o,t,a
2,9,6
A,l,a,n, ,H,o,l,d,e,n
1,9,9,4,-,1,1,-,0,6
3,1,9,-,0,1,-,6,9,1,6
P,e,n,n,s,y,l,v,a,n,i,a
1,5,4
R,o,b,i,n, ,S,i,l,v,a
1,9,8,7,-,0,7,-,1,4
5,1,7,-,1,8,-,0,4,5,3
A,l,a,s,k,a
5,2,7
N,i,c,o,l,e, ,C,o,n,r,a,d
1,9,8,5,-,0,6,-,0,2
3,7,0,-,1,8,-,6,9,8,5
S,o,u,t,h, ,D,a,k,o,t,a
6,3,5
D,e,a,n,n,a, ,R,u,s,s,e,l,l
1,9,7,2,-,0,7,-,2,9
5,2,8,-,4,7,-,9,2,3,6
M,a,r,y,l,a,n,d
2,2,9
J,o,s,h,u,a, ,B,a,i,l,e,y
1,9,8,6,-,0,7,-,2,0
5,9,9,-,2,2,-,4,0,3,1
W,e,s,t, ,V,i,r,g,i,n,i,a
3,8,9
D,a,n,i,e,l, ,P,a,t,r,i,c,k
1,9,7,2,-,1,0,-,1,5
4,9,8,-,6,4,-,8,7,7,7
G,e,o,r,g,i,a
2,2,0
W,i,l,l,i,a,m, ,S,m,i,t,h
1,9,9,0,-,0,6,-,0,4
0,8,4,-,3,8,-,0,6,5,4
A,r,k,a,n,s,a,s
4,5,4
K,r,i,s,t,i,n, ,G,r,a,n,t
1,9,8,0,-,0,8,-,2,3
7,5,3,-,7,9,-,9,6,9,3
W,e,s,t, ,V,i,r,g,i,n,i,a
4,8,8
K,i,m,b,e,r,l,y, ,V,e,l,a,s,q,u,e,z
1,9,8,9,-,0,1,-,1,0
0,7,6,-,7,8,-,4,2,2,9
G,e,o,r,g,i,a
4,1
M,i,c,h,a,e,l, ,D,a,l,t,o,n
1,9,9,4,-,0,3,-,0,8
0,5,4,-,7,2,-,2,1,0,1
W,i,s,c,o,n,s,i,n
5,2,2
J,a,s,o,n, ,S,h,a,w
1,9,8,5,-,1,1,-,0,1
4,9,7,-,8,5,-,4,7,6,5
K,e,n,t,u,c,k,y
2,6,9
J,o,n,a,t,h,o,n, ,O,l,s,o,n
1,9,8,5,-,0,7,-,0,8
8,5,8,-,7,6,-,7,7,6,7
S,o,u,t,h, ,C,a,r,o,l,i,n,a
3,5
A,n,d,r,e,a, ,P,e,r,r,y
1,9,8,6,-,0,2,-,0,1
1,5,4,-,1,6,-,8,8,9,7
C,o,l,o,r,a,d,o
1,0
A,n,t,h,o,n,y, ,N,g,u,y,e,n
1,9,8,6,-,1,0,-,0,9
6,2,3,-,0,9,-,8,4,7,2
W,i,s,c,o,n,s,i,n
3,9,7
A,n,t,h,o,n,y, ,C,h,r,i,s,t,e,n,s,e,n
1,9,8,3,-,0,5,-,1,3
2,0,7,-,7,1,-,8,7,0,3
O,h,i,o
4,5
P,a,u,l, ,M,u,r,p,h,y
1,9,7,5,-,0,7,-,1,8
2,4,1,-,7,5,-,9,4,5,4
N,e,w, ,J,e,r,s,e,y
2,1,0
S,u,s,a,n, ,S,t,e,w,a,r,t
1,9,8,9,-,0,4,-,2,3
4,5,9,-,6,6,-,2,7,1,2
G,e,o,r,g,i,a
1,9,7
S,c,o,t,t, ,W,a,r,r,e,n
1,9,8,5,-,0,6,-,2,4
7,5,6,-,5,7,-,3,7,2,3
O,h,i,o
3,5,4
J,e,n,n,i,f,e,r, ,A,v,e,r,y
1,9,8,7,-,0,8,-,0,8
0,8,2,-,5,9,-,5,0,6,2
L,o,u,i,s,i,a,n,a
5,5,2
A,l,e,x,a,n,d,e,r, ,V,a,u,g,h,a,n
1,9,8,8,-,0,8,-,2,2
8,6,6,-,3,3,-,8,5,6,2
M,i,c,h,i,g,a,n
4,1,4
L,a,u,r,a, ,P,a,r,k,e,r
1,9,7,3,-,1,2,-,0,5
7,2,9,-,6,2,-,6,8,7,9
C,o,l,o,r,a,d,o
1,3,4
D,e,r,e,k, ,H,a,r,r,i,n,g,t,o,n
1,9,9,0,-,0,9,-,1,5
5,3,5,-,0,1,-,2,8,3,6
A,r,k,a,n,s,a,s
1,1
D,a,n,i,e,l, ,W,e,l,l,s
1,9,9,4,-,0,8,-,2,7
8,3,9,-,3,5,-,7,2,6,8
C,a,l,i,f,o,r,n,i,a
2,2,2
K,e,l,l,y, ,P,h,i,l,l,i,p,s
1,9,8,7,-,1,1,-,0,5
1,9,2,-,1,2,-,1,3,2,4
M,i,c,h,i,g,a,n
4,4,2
L,a,u,r,e,n, ,B,e,n,n,e,t,t
1,9,8,5,-,0,6,-,0,5
7,6,7,-,1,9,-,4,8,7,4
I,o,w,a
6,3,3
A,a,r,o,n, ,W,o,l,f
1,9,7,8,-,0,4,-,0,9
3,1,7,-,4,2,-,1,1,4,9
W,y,o,m,i,n,g
3,6,1
J,u,l,i,a, ,W,r,i,g,h,t
1,9,8,0,-,0,9,-,0,4
5,4,2,-,4,1,-,6,7,0,2
C,o,l,o,r,a,d,o
2,0,5
C,h,e,r,y,l, ,D,e,n,n,i,s
1,9,8,6,-,0,6,-,1,6
0,2,6,-,0,1,-,0,7,1,2
T,e,x,a,s
1,8
D,o,n,n,a, ,L,o,p,e,z
1,9,8,5,-,0,2,-,2,2
4,7,9,-,3,8,-,5,7,1,1
D,e,l,a,w,a,r,e
4,5,9
M,a,t,t,h,e,w, ,G,i,b,b,s
1,9,8,4,-,0,6,-,1,2
1,1,6,-,4,0,-,9,6,9,8
I,d,a,h,o
5,6,4
N,a,n,c,y, ,M,i,t,c,h,e,l,l
1,9,8,8,-,0,2,-,0,2
1,8,9,-,8,6,-,9,3,6,5
G,e,o,r,g,i,a
1,3,8
A,s,h,l,e,y, ,B,u,l,l,o,c,k
1,9,8,3,-,0,7,-,2,3
8,8,9,-,7,6,-,5,3,9,4
M,i,s,s,i,s,s,i,p,p,i
3,5,6
A,n,d,r,e,w, ,M,o,o,r,e
1,9,8,2,-,0,1,-,0,3
4,7,7,-,1,5,-,5,1,7,8
I,d,a,h,o
4,7,9
J,o,s,e,p,h, ,M,a,r,t,i,n,e,z
1,9,7,3,-,1,0,-,0,5
7,6,8,-,2,6,-,9,4,0,9
N,e,w, ,H,a,m,p,s,h,i,r,e
1,0,0
Y,v,e,t,t,e, ,R,o,d,r,i,g,u,e,z
1,9,8,5,-,0,9,-,1,1
7,6,3,-,3,1,-,8,1,2,3
O,r,e,g,o,n
4,5,1
C,a,r,r,i,e, ,B,a,r,b,e,r
1,9,7,7,-,1,1,-,0,9
0,0,3,-,4,5,-,3,0,8,3
L,o,u,i,s,i,a,n,a
4,3,2
A,s,h,l,e,y, ,S,h,e,r,m,a,n
1,9,8,4,-,1,0,-,0,1
6,2,0,-,8,9,-,1,5,0,1
N,e,b,r,a,s,k,a
7,1
C,r,a,i,g, ,G,a,r,c,i,a
1,9,9,4,-,0,8,-,1,8
4,5,5,-,6,1,-,3,6,9,5
P,e,n,n,s,y,l,v,a,n,i,a
4,6,3
J,e,r,o,m,e, ,B,r,o,w,n
1,9,9,2,-,0,7,-,1,0
4,0,9,-,3,1,-,9,4,5,6
M,a,r,y,l,a,n,d
3,0,8
K,e,v,i,n, ,B,e,c,k
1,9,8,1,-,0,3,-,2,9
1,5,9,-,4,1,-,7,3,0,4
T,e,n,n,e,s,s,e,e
5,9,1
T,r,a,v,i,s, ,H,a,n,s,e,n
1,9,8,1,-,0,7,-,2,8
4,7,5,-,7,1,-,6,7,4,6
D,e,l,a,w,a,r,e
2,1,4
R,o,d,n,e,y, ,C,o,o,k
1,9,9,4,-,1,2,-,1,5
2,3,8,-,9,6,-,6,2,3,2
R,h,o,d,e, ,I,s,l,a,n,d
2,9,0
T,h,e,r,e,s,a, ,B,r,o,w,n
1,9,9,3,-,0,2,-,2,0
8,0,4,-,1,9,-,3,4,7,8
M,i,n,n,e,s,o,t,a
8
W,a,y,n,e, ,M,e,r,c,e,r
1,9,8,9,-,0,9,-,2,1
7,0,1,-,0,3,-,7,2,5,4
M,a,s,s,a,c,h,u,s,e,t,t,s
1,8,2
M,a,r,y, ,L,e,e
1,9,8,2,-,0,4,-,1,2
8,8,3,-,5,7,-,7,3,6,1
O,h,i,o
5,3,4
M,a,t,t,h,e,w, ,M,a,r,t,i,n
1,9,9,3,-,0,7,-,1,2
3,3,8,-,0,8,-,7,8,0,3
I,d,a,h,o
5,1,1
L,e,e, ,W,e,b,e,r
1,9,8,8,-,1,2,-,0,3
1,9,8,-,8,9,-,9,8,3,0
C,a,l,i,f,o,r,n,i,a
3,2
J,a,m,e,s, ,W,i,l,s,o,n
1,9,7,7,-,0,7,-,2,3
6,2,1,-,1,8,-,7,3,4,3
O,r,e,g,o,n
2,8,9
A,n,g,e,l,a, ,C,l,a,r,k
1,9,8,8,-,0,4,-,2,0
2,8,1,-,9,0,-,3,3,9,2
M,i,n,n,e,s,o,t,a
6,4,3
A,l,l,e,n, ,F,l,y,n,n
1,9,9,4,-,0,7,-,2,5
6,2,8,-,9,7,-,7,5,7,3
N,e,w, ,H,a,m,p,s,h,i,r,e
2,3,4
D,a,r,r,e,l,l, ,C,o,l,e,m,a,n
1,9,9,2,-,0,8,-,2,4
8,1,2,-,4,2,-,4,1,9,8
W,i,s,c,o,n,s,i,n
6,1,8
P,a,t,r,i,c,k, ,W,e,l,l,s
1,9,7,9,-,0,8,-,0,3
4,6,6,-,3,8,-,3,2,0,9
M,i,s,s,i,s,s,i,p,p,i
2,4,6
T,y,l,e,r, ,B,e,c,k
1,9,8,6,-,1,0,-,2,0
1,2,9,-,7,6,-,1,3,8,5
H,a,w,a,i,i
5,4,6
M,i,c,h,e,l,l,e, ,J,e,n,k,i,n,s
1,9,7,7,-,1,1,-,2,9
8,5,8,-,2,2,-,8,2,5,4
N,e,b,r,a,s,k,a
4,5,5
S,c,o,t,t, ,M,i,l,l,e,r
1,9,9,1,-,0,9,-,2,7
2,0,9,-,5,6,-,3,5,8,0
W,y,o,m,i,n,g
3,4,1
M,a,r,i,a, ,M,c,m,i,l,l,a,n
1,9,7,3,-,0,9,-,0,7
8,1,7,-,5,5,-,3,7,3,0
T,e,x,a,s
2,5,2
A,m,y, ,W,a,l,l,e,r
1,9,8,0,-,1,0,-,0,1
6,0,3,-,5,4,-,8,7,6,3
M,a,s,s,a,c,h,u,s,e,t,t,s
3,5,1
J,a,c,o,b, ,T,h,o,m,a,s
1,9,7,6,-,0,3,-,3,1
8,0,9,-,3,3,-,8,8,9,6
M,i,s,s,i,s,s,i,p,p,i
4,9,3
A,m,a,n,d,a, ,J,o,n,e,s
1,9,9,3,-,0,7,-,3,1
6,8,7,-,3,9,-,0,6,9,1
M,i,n,n,e,s,o,t,a
5,9,9
E,d,w,a,r,d, ,P,a,d,i,l,l,a
1,9,9,3,-,1,0,-,0,9
7,1,9,-,2,5,-,5,2,2,2
P,e,n,n,s,y,l,v,a,n,i,a
3,1,5
D,e,b,r,a, ,B,e,s,t
1,9,7,3,-,0,2,-,2,0
0,8,2,-,2,4,-,3,3,2,0
N,o,r,t,h, ,D,a,k,o,t,a
5,7,7
G,r,e,g,o,r,y, ,R,o,b,e,r,t,s
1,9,8,6,-,0,1,-,2,7
1,8,6,-,6,8,-,4,4,9,6
I,n,d,i,a,n,a
4,1,5
S,u,z,a,n,n,e, ,W,h,e,e,l,e,r
1,9,8,5,-,0,5,-,1,9
4,5,6,-,4,1,-,2,9,8,2
W,i,s,c,o,n,s,i,n
3,0,3
A,n,n, ,L,e,w,i,s
1,9,7,6,-,0,1,-,1,4
2,9,8,-,8,3,-,0,6,1,9
M,o,n,t,a,n,a
4,7,8
M,i,c,h,e,l,l,e, ,P,e,t,e,r,s,o,n
1,9,8,4,-,0,6,-,2,5
1,7,7,-,2,2,-,2,1,5,4
M,a,s,s,a,c,h,u,s,e,t,t,s
3,1,3
A,d,a,m, ,T,h,o,m,a,s
1,9,8,2,-,1,2,-,3,0
0,5,7,-,1,1,-,1,2,9,7
V,i,r,g,i,n,i,a
4
D,o,n,n,a, ,O,w,e,n,s
1,9,8,7,-,0,9,-,2,6
0,8,4,-,1,7,-,6,6,9,6
A,l,a,b,a,m,a
2,4,9
P,a,m,e,l,a, ,L,y,o,n,s
1,9,7,2,-,0,9,-,2,7
8,6,7,-,1,3,-,3,3,1,8
A,r,k,a,n,s,a,s
6,4,9
V,i,c,t,o,r, ,L,o,p,e,z
1,9,8,7,-,1,0,-,2,6
1,4,1,-,1,2,-,3,9,6,4
N,e,v,a,d,a
5,6,5
M,a,t,t,h,e,w, ,M,i,l,l,e,r
1,9,7,9,-,0,4,-,0,7
3,3,0,-,9,4,-,3,5,1,7
C,o,l,o,r,a,d,o
5,1,3
K,e,v,i,n, ,F,o,s,t,e,r
1,9,8,5,-,1,0,-,1,8
4,2,2,-,9,9,-,5,0,9,0
W,i,s,c,o,n,s,i,n
5,1,6
A,l,y,s,s,a, ,S,t,o,k,e,s
1,9,7,3,-,0,4,-,0,1
0,8,4,-,2,1,-,2,4,3,2
O,h,i,o
5,4,5
M,a,r,k, ,S,a,u,n,d,e,r,s
1,9,7,3,-,0,8,-,2,3
6,1,8,-,3,8,-,2,6,4,0
V,e,r,m,o,n,t
3,8
M,i,c,h,a,e,l, ,C,h,a,p,m,a,n
1,9,7,7,-,0,3,-,1,3
2,9,3,-,4,9,-,6,8,7,4
O,r,e,g,o,n
3,0,9
C,o,l,e, ,F,a,r,r,e,l,l
1,9,9,3,-,0,1,-,2,9
5,4,7,-,1,7,-,7,9,7,3
I,n,d,i,a,n,a
5,7,8
M,i,c,h,a,e,l, ,E,s,t,r,a,d,a
1,9,9,4,-,1,0,-,1,2
5,7,1,-,3,4,-,2,4,4,8
O,h,i,o
1,7,8
S,h,a,u,n, ,M,a,r,t,i,n,e,z
1,9,8,2,-,1,2,-,1,1
1,5,2,-,9,8,-,5,7,9,3
N,o,r,t,h, ,C,a,r,o,l,i,n,a
3,5,9
V,i,c,t,o,r,i,a, ,M,o,o,n
1,9,7,6,-,0,1,-,0,6
8,3,0,-,0,3,-,8,6,0,4
A,r,i,z,o,n,a
2,7,8
B,r,i,a,n, ,P,e,t,e,r,s
1,9,8,2,-,0,5,-,0,7
5,4,3,-,1,3,-,3,7,0,1
H,a,w,a,i,i
2,9,2
J,o,s,e, ,G,o,n,z,a,l,e,z
1,9,9,2,-,0,6,-,0,1
6,0,8,-,3,6,-,9,7,9,7
M,a,r,y,l,a,n,d
8,7
J,o,h,n, ,P,a,u,l
1,9,7,3,-,1,1,-,2,0
3,1,5,-,9,8,-,7,1,8,0
K,e,n,t,u,c,k,y
2,8,6
S,t,e,p,h,a,n,i,e, ,S,m,i,t,h
1,9,7,8,-,0,4,-,2,6
2,5,9,-,1,7,-,1,2,8,6
N,e,w, ,H,a,m,p,s,h,i,r,e
2,2,1
L,i,s,a, ,W,i,l,s,o,n
1,9,9,3,-,1,1,-,0,9
7,5,1,-,4,1,-,6,9,5,0
A,r,i,z,o,n,a
5,2,4
C,o,d,y, ,D,u,r,a,n
1,9,7,3,-,0,1,-,1,5
6,5,3,-,3,3,-,6,7,0,6
N,e,w, ,M,e,x,i,c,o
4,5,3
A,n,n, ,J,o,h,n,s,o,n
1,9,8,1,-,0,6,-,0,1
0,5,1,-,2,1,-,9,0,4,6
N,e,b,r,a,s,k,a
4,6,8
P,a,u,l,a, ,H,e,r,n,a,n,d,e,z
1,9,7,5,-,1,0,-,1,2
2,5,9,-,5,8,-,2,9,5,1
C,a,l,i,f,o,r,n,i,a
4,4,4
P,a,t,r,i,c,k, ,B,a,r,b,e,r
1,9,9,1,-,0,7,-,2,1
6,1,3,-,8,2,-,9,8,9,1
N,e,w, ,Y,o,r,k
3,5,0
D,e,n,n,i,s, ,A,l,v,a,r,a,d,o
1,9,7,3,-,1,1,-,2,7
6,3,2,-,8,9,-,4,3,7,8
M,o,n,t,a,n,a
4,6,2
D,a,v,i,d, ,P,e,t,e,r,s,o,n
1,9,7,3,-,0,6,-,2,7
8,8,4,-,2,5,-,7,3,1,2
L,o,u,i,s,i,a,n,a
6,6
T,i,n,a, ,W,i,l,l,i,a,m,s
1,9,8,7,-,1,1,-,0,4
0,4,5,-,1,0,-,7,7,7,5
O,r,e,g,o,n
4,9,5
B,r,i,d,g,e,t, ,K,o,c,h
1,9,7,3,-,0,2,-,2,3
6,1,8,-,5,6,-,9,7,1,4
W,y,o,m,i,n,g
5,8,6
A,d,r,i,a,n, ,H,e,r,n,a,n,d,e,z
1,9,9,3,-,0,9,-,0,8
4,3,3,-,2,9,-,5,1,0,1
N,e,b,r,a,s,k,a
4,5,7
A,n,d,r,e,a, ,P,o,t,t,e,r
1,9,8,3,-,1,2,-,2,6
0,3,4,-,0,1,-,6,3,8,4
N,e,w, ,H,a,m,p,s,h,i,r,e
3,9,2
D,a,v,i,d, ,W,i,l,l,i,a,m,s
1,9,9,0,-,0,7,-,0,7
8,0,2,-,1,9,-,6,3,5,0
M,a,s,s,a,c,h,u,s,e,t,t,s
2,0,2
K,a,t,h,e,r,i,n,e, ,W,r,i,g,h,t
1,9,8,7,-,0,5,-,1,0
6,6,5,-,3,4,-,3,1,0,9
A,r,k,a,n,s,a,s
4,6,7
K,e,v,i,n, ,T,a,y,l,o,r
1,9,7,9,-,0,4,-,1,9
2,7,3,-,8,5,-,2,2,9,3
N,e,w, ,H,a,m,p,s,h,i,r,e
6,2,7
L,a,t,o,y,a, ,M,i,t,c,h,e,l,l
1,9,9,1,-,0,3,-,1,5
0,5,7,-,8,1,-,3,6,0,7
M,a,i,n,e
3,6,7
T,r,i,c,i,a, ,S,m,i,t,h
1,9,9,2,-,0,1,-,2,4
0,7,2,-,1,9,-,7,8,6,6
C,a,l,i,f,o,r,n,i,a
2,4,4
D,a,v,i,d, ,M,i,l,e,s
1,9,9,3,-,1,1,-,2,6
2,7,6,-,8,3,-,2,6,5,7
M,i,c,h,i,g,a,n
6,2,0
G,i,n,a, ,H,o,f,f,m,a,n
1,9,9,0,-,0,3,-,2,0
7,2,3,-,2,2,-,4,2,1,3
U,t,a,h
6,4,2
T,a,m,a,r,a, ,W,h,i,t,n,e,y
1,9,7,5,-,0,9,-,2,1
8,7,1,-,9,1,-,9,2,0,8
M,i,s,s,o,u,r,i
4,2,7
J,o,h,n, ,G,a,r,c,i,a
1,9,8,7,-,0,4,-,1,4
0,4,4,-,9,4,-,3,9,9,3
T,e,x,a,s
5,3,9
C,r,a,i,g, ,N,u,n,e,z
1,9,7,2,-,0,6,-,1,3
5,4,3,-,9,2,-,6,5,6,6
D,e,l,a,w,a,r,e
9,8
D,e,s,i,r,e,e, ,R,o,s,s
1,9,8,1,-,0,7,-,0,7
2,4,6,-,7,3,-,2,6,0,8
M,i,s,s,i,s,s,i,p,p,i
3,2,4
S,a,m,a,n,t,h,a, ,R,a,m,i,r,e,z
1,9,8,1,-,0,8,-,1,1
8,5,1,-,3,6,-,7,0,8,6
M,a,r,y,l,a,n,d
5,8,9
D,a,v,i,d, ,P,a,t,t,o,n
1,9,7,8,-,1,1,-,1,9
5,6,9,-,4,0,-,9,7,0,5
P,e,n,n,s,y,l,v,a,n,i,a
3,3,9
C,a,r,o,l,i,n,e, ,L,o,p,e,z
1,9,8,1,-,0,8,-,0,9
1,4,1,-,8,8,-,1,3,2,5
O,k,l,a,h,o,m,a
6,4,5
K,a,r,e,n, ,M,a,l,o,n,e
1,9,8,5,-,0,9,-,0,3
8,4,3,-,5,7,-,5,4,4,2
C,o,l,o,r,a,d,o
3,5,5
D,a,n,i,e,l, ,W,r,i,g,h,t
1,9,8,9,-,1,2,-,3,1
8,7,3,-,8,9,-,3,8,0,3
F,l,o,r,i,d,a
5,4,1
B,r,e,n,t, ,M,i,l,l,e,r
1,9,7,8,-,0,1,-,1,4
5,9,0,-,8,7,-,9,6,9,2
H,a,w,a,i,i
3,6,0
M,i,t,c,h,e,l,l, ,M,e,y,e,r
1,9,9,1,-,0,8,-,3,1
3,6,8,-,2,7,-,7,6,6,6
R,h,o,d,e, ,I,s,l,a,n,d
3,9
A,n,n,e,t,t,e, ,F,l,o,r,e,s
1,9,7,7,-,0,4,-,1,9
5,3,7,-,2,4,-,3,1,9,6
N,e,b,r,a,s,k,a
3,0,5
W,e,n,d,y, ,H,e,n,d,r,i,x
1,9,8,3,-,0,8,-,1,9
0,0,1,-,3,7,-,6,6,3,4
W,y,o,m,i,n,g
4,7,4
A,l,e,x,i,s, ,C,r,o,s,s
1,9,8,3,-,0,8,-,1,1
5,5,2,-,9,8,-,3,6,9,4
M,i,n,n,e,s,o,t,a
5,7,1
J,e,f,f,r,e,y, ,J,o,n,e,s
1,9,8,1,-,0,6,-,2,7
8,5,2,-,8,6,-,1,8,2,2
S,o,u,t,h, ,D,a,k,o,t,a
3,7,2
J,e,s,s,i,c,a, ,W,a,l,s,h
1,9,7,6,-,0,6,-,0,1
8,4,6,-,9,9,-,2,9,0,7
R,h,o,d,e, ,I,s,l,a,n,d
5,5,9
S,h,e,r,r,y, ,H,e,n,d,e,r,s,o,n
1,9,9,1,-,0,2,-,1,5
2,1,7,-,0,7,-,3,7,6,8
F,l,o,r,i,d,a
5,2,1
J,e,n,n,i,f,e,r, ,J,o,h,n,s,o,n
1,9,7,8,-,0,2,-,1,7
2,8,3,-,7,9,-,3,1,0,2
O,k,l,a,h,o,m,a
5,8,3
S,c,o,t,t, ,E,l,l,i,s,o,n
1,9,7,7,-,0,3,-,3,1
6,0,2,-,1,2,-,8,6,5,3
N,e,w, ,H,a,m,p,s,h,i,r,e
3,2,9
D,e,n,i,s,e, ,B,a,l,d,w,i,n
1,9,9,2,-,0,4,-,0,6
2,7,9,-,0,7,-,7,3,5,0
A,l,a,b,a,m,a
2,0,1
R,e,b,e,c,c,a, ,J,a,m,e,s
1,9,8,0,-,1,2,-,0,4
0,0,6,-,2,6,-,1,5,1,4
M,a,s,s,a,c,h,u,s,e,t,t,s
2,7,6
S,e,a,n, ,G,o,n,z,a,l,e,s
1,9,8,1,-,0,8,-,1,1
0,6,8,-,7,4,-,8,8,3,8
M,i,s,s,o,u,r,i
5,9,2
M,a,r,y, ,C,h,a,v,e,z
1,9,9,0,-,0,4,-,2,7
8,0,9,-,2,2,-,2,8,3,4
P,e,n,n,s,y,l,v,a,n,i,a
1,2,4
R,a,l,p,h, ,M,a,r,t,i,n,e,z
1,9,8,0,-,0,2,-,2,6
8,2,4,-,0,9,-,4,0,2,4
W,a,s,h,i,n,g,t,o,n
1,3,3
T,h,o,m,a,s, ,S,t,o,n,e
1,9,7,3,-,0,3,-,2,9
2,2,0,-,1,5,-,8,2,2,7
D,e,l,a,w,a,r,e
3,1,4
C,h,r,i,s,t,o,p,h,e,r, ,A,n,d,e,r,s,o,n
1,9,7,4,-,0,7,-,0,1
7,2,6,-,9,8,-,1,8,3,5
N,o,r,t,h, ,C,a,r,o,l,i,n,a
5,6,2
A,l,l,i,s,o,n, ,G,a,r,c,i,a
1,9,8,3,-,0,2,-,0,8
4,4,1,-,6,4,-,0,1,0,5
L,o,u,i,s,i,a,n,a
1,2,5
C,h,a,r,l,e,s, ,H,a,l,l
1,9,8,2,-,0,9,-,1,5
6,9,1,-,6,6,-,7,6,1,7
P,e,n,n,s,y,l,v,a,n,i,a
6,2,5
L,a,w,r,e,n,c,e, ,R,o,a,c,h
1,9,9,1,-,0,4,-,0,3
0,3,2,-,0,9,-,2,0,8,0
K,e,n,t,u,c,k,y
3,1,2
C,h,r,i,s,t,o,p,h,e,r, ,D,o,u,g,h,e,r,t,y
1,9,7,8,-,0,3,-,2,9
3,4,4,-,7,1,-,0,9,8,6
A,l,a,b,a,m,a
9,0
W,i,l,l,i,a,m, ,S,m,a,l,l
1,9,9,0,-,0,8,-,0,5
4,5,4,-,3,2,-,0,6,4,2
C,o,l,o,r,a,d,o
2,3,6
S,a,m,u,e,l, ,M,a,y
1,9,8,8,-,0,3,-,3,0
0,9,1,-,1,5,-,0,9,7,0
N,e,w, ,J,e,r,s,e,y
6,0,1
B,r,i,a,n, ,L,o,p,e,z
1,9,9,0,-,0,2,-,1,3
7,2,7,-,0,3,-,7,5,5,8
D,e,l,a,w,a,r,e
3,2,6
A,m,a,n,d,a, ,C,l,a,r,k
1,9,9,1,-,0,7,-,2,3
6,0,1,-,6,4,-,5,0,4,3
M,i,n,n,e,s,o,t,a
2,6,4
C,o,d,y, ,T,a,y,l,o,r
1,9,7,8,-,1,1,-,1,3
7,6,9,-,7,1,-,3,7,0,0
S,o,u,t,h, ,D,a,k,o,t,a
2,4,8
S,h,e,r,r,y, ,L,o,v,e
1,9,7,5,-,0,3,-,2,4
1,6,6,-,2,9,-,8,6,8,5
O,r,e,g,o,n
4,8,5
C,h,r,i,s,t,i,n,e, ,S,t,o,n,e
1,9,7,8,-,1,1,-,0,7
7,2,7,-,7,9,-,6,5,0,3
K,a,n,s,a,s
5,4
K,r,i,s,t,y, ,D,i,a,z
1,9,8,8,-,0,3,-,2,6
7,7,9,-,7,6,-,1,0,3,2
I,o,w,a
2
A,m,y, ,L,o,n,g
1,9,8,2,-,0,7,-,1,9
7,9,1,-,2,9,-,7,2,9,2
F,l,o,r,i,d,a
2,9,8
H,a,l,e,y, ,M,y,e,r,s
1,9,8,5,-,0,3,-,2,0
3,5,7,-,5,1,-,0,7,5,7
M,a,r,y,l,a,n,d
9,9
M,i,c,h,a,e,l, ,H,o,l,d,e,n
1,9,7,5,-,0,7,-,2,3
6,3,7,-,0,1,-,7,9,5,1
I,n,d,i,a,n,a
1,8,6
K,e,l,l,y, ,F,e,r,r,e,l,l
1,9,8,2,-,0,1,-,2,1
0,1,7,-,6,4,-,2,2,9,9
N,e,w, ,H,a,m,p,s,h,i,r,e
5,9,3
R,a,c,h,e,l, ,V,a,l,d,e,z
1,9,8,5,-,0,5,-,2,1
2,8,8,-,9,6,-,0,8,5,2
U,t,a,h
5,5,7
K,r,i,s,t,i,n,e, ,R,o,b,e,r,s,o,n
1,9,8,1,-,0,3,-,1,8
2,8,5,-,1,7,-,0,9,5,6
M,i,n,n,e,s,o,t,a
3,7,5
V,i,n,c,e,n,t, ,W,a,t,s,o,n
1,9,7,4,-,1,2,-,1,5
6,2,6,-,7,1,-,8,9,9,7
R,h,o,d,e, ,I,s,l,a,n,d
4,6,0
E,l,i,z,a,b,e,t,h, ,B,a,i,l,e,y
1,9,7,9,-,0,7,-,1,5
3,0,4,-,3,6,-,7,2,3,0
M,i,c,h,i,g,a,n
4,9,6
M,a,r,k, ,M,c,m,i,l,l,a,n
1,9,7,6,-,0,7,-,0,8
7,3,7,-,5,1,-,2,5,0,3
M,i,c,h,i,g,a,n
4,8,7
S,h,e,r,i, ,L,o,n,g
1,9,7,8,-,0,6,-,0,6
7,1,1,-,9,0,-,5,1,6,6
O,h,i,o
4,6,9
D,a,n,i,e,l, ,M,c,c,a,l,l
1,9,8,7,-,0,7,-,1,2
1,7,1,-,7,5,-,5,3,1,4
N,e,b,r,a,s,k,a
3,4,0
D,a,w,n, ,M,a,l,o,n,e
1,9,7,9,-,0,4,-,1,9
5,0,1,-,2,1,-,2,0,7,0
T,e,n,n,e,s,s,e,e
3,6,3
E,v,a,n, ,R,o,m,e,r,o
1,9,9,4,-,0,8,-,2,5
8,4,2,-,1,0,-,3,3,3,4
N,e,w, ,M,e,x,i,c,o
1,0,8
P,a,u,l, ,A,d,a,m,s
1,9,9,2,-,0,4,-,1,9
3,3,8,-,9,4,-,5,7,6,5
W,e,s,t, ,V,i,r,g,i,n,i,a
3,5,7
T,r,a,c,y, ,H,o,l,t
1,9,8,8,-,1,0,-,2,0
5,5,8,-,7,8,-,1,4,1,3
A,l,a,s,k,a
2,9,3
C,h,a,r,l,e,s, ,W,h,e,e,l,e,r
1,9,7,2,-,0,2,-,1,1
1,8,4,-,3,8,-,5,7,8,1
C,a,l,i,f,o,r,n,i,a
6,0,4
A,s,h,l,e,y, ,H,a,r,r,i,s
1,9,9,3,-,0,8,-,0,9
1,0,5,-,8,6,-,7,0,7,0
I,l,l,i,n,o,i,s
7
R,o,b,e,r,t,o, ,S,c,h,m,i,d,t
1,9,9,4,-,0,2,-,0,7
7,3,1,-,1,0,-,1,7,6,3
A,l,a,b,a,m,a
9,4
M,a,r,g,a,r,e,t, ,B,a,r,t,o,n
1,9,7,5,-,1,0,-,1,0
3,8,1,-,6,0,-,0,9,7,3
I,d,a,h,o
2,2,7
M,i,c,h,e,l,l,e, ,D,i,a,z
1,9,9,3,-,0,9,-,2,5
4,0,7,-,7,9,-,4,8,8,9
I,d,a,h,o
4,8,6
M,i,k,e, ,D,u,n,c,a,n
1,9,8,8,-,1,2,-,1,5
2,7,0,-,0,3,-,8,1,1,5
M,a,r,y,l,a,n,d
6,1,3
A,l,e,x,a,n,d,r,a, ,T,h,o,m,a,s
1,9,9,4,-,0,1,-,1,2
0,8,5,-,4,0,-,6,7,6,0
S,o,u,t,h, ,D,a,k,o,t,a
6,0,3
M,a,r,k, ,M,u,r,i,l,l,o
1,9,7,6,-,0,9,-,2,2
0,6,9,-,1,7,-,9,9,1,5
M,i,c,h,i,g,a,n
3,3,2
C,a,r,o,l, ,D,y,e,r
1,9,8,9,-,0,3,-,1,2
6,0,0,-,5,2,-,5,5,4,5
H,a,w,a,i,i
5,8,7
D,a,n,i,e,l, ,W,i,l,l,i,a,m,s
1,9,8,9,-,1,1,-,1,7
5,3,3,-,2,9,-,9,1,4,6
N,e,w, ,H,a,m,p,s,h,i,r,e
6,0,2
S,a,n,d,r,a, ,S,u,a,r,e,z
1,9,8,0,-,0,9,-,2,0
7,6,9,-,9,0,-,9,5,4,8
G,e,o,r,g,i,a
3,9,8
S,a,r,a,h, ,H,a,m,i,l,t,o,n
1,9,7,6,-,0,7,-,2,0
8,8,7,-,0,3,-,3,1,0,4
N,o,r,t,h, ,D,a,k,o,t,a
1,4,8
S,y,d,n,e,y, ,F,l,o,y,d
1,9,8,1,-,0,3,-,3,1
5,3,9,-,7,1,-,0,7,2,2
C,o,n,n,e,c,t,i,c,u,t
2,2,3
J,o,n,a,t,h,a,n, ,H,a,l,l
1,9,7,8,-,0,7,-,0,1
6,9,5,-,4,7,-,6,6,7,2
N,e,b,r,a,s,k,a
5,7,4
J,e,n,n,i,f,e,r, ,K,i,m
1,9,7,6,-,1,0,-,0,3
3,1,3,-,3,6,-,9,5,0,4
M,i,n,n,e,s,o,t,a
5,8,8
K,e,n,n,e,t,h, ,S,a,n,c,h,e,z
1,9,8,0,-,1,0,-,3,0
2,1,4,-,2,5,-,8,9,2,1
C,a,l,i,f,o,r,n,i,a
1,5,7
J,o,s,e,p,h, ,C,a,r,r,o,l,l
1,9,7,5,-,0,5,-,0,9
3,7,0,-,4,0,-,5,9,8,4
N,o,r,t,h, ,D,a,k,o,t,a
1,7,5
J,e,n,n,i,f,e,r, ,A,r,n,o,l,d
1,9,7,6,-,1,0,-,1,8
4,2,7,-,3,0,-,4,3,6,8
A,l,a,b,a,m,a
4,7,3
D,a,v,i,d, ,L,e
1,9,7,6,-,0,8,-,3,1
0,1,0,-,0,2,-,5,4,4,4
M,i,c,h,i,g,a,n
2,9
J,e,f,f,r,e,y, ,C,l,a,r,k
1,9,7,8,-,0,6,-,2,8
6,3,5,-,2,1,-,0,3,1,6
M,i,s,s,o,u,r,i
3,3,4
J,e,f,f,e,r,y, ,R,e,e,d
1,9,8,5,-,0,7,-,1,9
0,8,0,-,4,4,-,6,3,3,8
N,e,w, ,J,e,r,s,e,y
4,6,5
L,a,u,r,a, ,K,i,m
1,9,7,4,-,0,7,-,2,6
8,9,5,-,1,9,-,3,6,0,6
P,e,n,n,s,y,l,v,a,n,i,a
9,2
D,e,r,e,k, ,O,b,r,i,e,n
1,9,9,0,-,0,6,-,2,9
4,1,0,-,8,7,-,6,1,2,3
N,e,w, ,H,a,m,p,s,h,i,r,e
4,7,0
B,r,o,o,k,e, ,B,i,s,h,o,p
1,9,8,0,-,1,2,-,1,8
4,1,2,-,0,8,-,4,1,0,7
C,a,l,i,f,o,r,n,i,a
1,2,8
P,e,t,e,r, ,M,i,l,e,s
1,9,7,6,-,1,0,-,2,6
4,1,4,-,7,3,-,3,3,6,7
W,a,s,h,i,n,g,t,o,n
7,7
A,l,e,x, ,O,w,e,n
1,9,8,7,-,1,0,-,0,7
4,1,6,-,1,6,-,9,2,5,2
A,l,a,b,a,m,a
5,3,0
M,i,c,h,a,e,l, ,F,o,w,l,e,r
1,9,9,0,-,0,8,-,2,8
6,4,5,-,8,3,-,3,9,9,5
T,e,n,n,e,s,s,e,e
2,7,0
K,a,t,h,e,r,i,n,e, ,R,o,s,e
1,9,7,6,-,0,1,-,1,9
4,4,1,-,5,8,-,0,4,4,6
M,i,n,n,e,s,o,t,a
2,5,1
D,a,n,i,e,l, ,W,a,l,l,e,r
1,9,7,4,-,0,4,-,2,3
8,7,5,-,2,1,-,0,0,1,1
K,e,n,t,u,c,k,y
2,7,7
R,o,n,a,l,d, ,J,o,h,n,s,o,n
1,9,7,3,-,0,9,-,1,9
1,1,4,-,7,1,-,8,8,7,1
D,e,l,a,w,a,r,e
3,4,6
A,u,s,t,i,n, ,G,u,t,i,e,r,r,e,z
1,9,7,9,-,0,6,-,2,5
2,0,5,-,2,8,-,0,2,0,3
V,e,r,m,o,n,t
2,3,8
B,r,a,n,d,o,n, ,C,h,a,n,g
1,9,8,4,-,0,5,-,1,4
3,4,1,-,8,9,-,6,6,8,7
A,l,a,b,a,m,a
1,4,3
A,l,e,x,a,n,d,e,r, ,M,u,r,p,h,y
1,9,8,4,-,0,5,-,0,5
7,7,5,-,0,4,-,0,6,6,4
U,t,a,h
4,6,1
S,t,e,p,h,a,n,i,e, ,M,e,n,d,o,z,a
1,9,7,7,-,0,3,-,2,2
3,2,9,-,0,1,-,8,3,0,8
V,e,r,m,o,n,t
5
G,r,e,g,o,r,y, ,M,o,o,r,e
1,9,8,2,-,0,2,-,1,0
8,7,0,-,6,2,-,6,2,2,6
M,a,s,s,a,c,h,u,s,e,t,t,s
1,1,7
J,o,n,a,t,h,a,n, ,M,e,n,d,o,z,a
1,9,8,9,-,1,2,-,3,0
6,9,3,-,6,1,-,0,2,6,2
M,a,r,y,l,a,n,d
3,9,6
M,i,c,h,e,l,l,e, ,P,h,i,l,l,i,p,s
1,9,8,8,-,0,9,-,1,7
8,4,4,-,2,6,-,2,3,4,5
O,k,l,a,h,o,m,a
5,1,7
J,u,s,t,i,n, ,M,o,r,g,a,n
1,9,7,6,-,0,3,-,1,7
7,7,4,-,5,7,-,5,1,3,3
M,i,c,h,i,g,a,n
2,2,8
M,i,c,h,a,e,l, ,H,u,b,b,a,r,d
1,9,7,8,-,0,9,-,0,9
6,2,0,-,0,9,-,8,9,7,2
C,o,n,n,e,c,t,i,c,u,t
5,7,6
T,r,a,v,i,s, ,L,i,t,t,l,e
1,9,9,2,-,0,5,-,1,4
7,3,1,-,1,2,-,6,9,9,5
W,y,o,m,i,n,g
4,8,2
S,u,s,a,n, ,K,e,n,n,e,d,y
1,9,8,8,-,1,2,-,1,9
6,1,7,-,7,6,-,4,5,5,8
M,a,i,n,e
6,1,1
E,m,i,l,y, ,M,c,g,r,a,t,h
1,9,7,3,-,1,1,-,1,0
8,1,3,-,3,4,-,7,6,4,0
C,o,l,o,r,a,d,o
2,8,8
S,a,n,d,r,a, ,G,r,i,f,f,i,n
1,9,8,8,-,1,1,-,1,3
4,9,9,-,5,6,-,6,5,3,3
N,e,v,a,d,a
3,2,2
J,e,s,s,i,c,a, ,S,u,l,l,i,v,a,n
1,9,9,0,-,0,1,-,0,7
8,8,9,-,1,2,-,2,6,6,5
W,y,o,m,i,n,g
9,3
T,i,m,o,t,h,y, ,M,e,n,d,o,z,a
1,9,8,0,-,0,6,-,0,9
2,4,1,-,0,2,-,2,3,6,7
N,e,w, ,M,e,x,i,c,o
6,3,1
A,m,a,n,d,a, ,P,e,a,r,s,o,n
1,9,7,9,-,0,8,-,1,5
4,2,2,-,1,7,-,9,8,3,2
T,e,n,n,e,s,s,e,e
9,5
J,e,f,f,e,r,y, ,B,u,r,n,e,t,t
1,9,8,4,-,0,7,-,2,8
7,0,4,-,3,8,-,4,4,9,3
K,a,n,s,a,s
2,2,5
B,r,i,a,n, ,W,i,l,l,i,a,m,s
1,9,8,6,-,0,1,-,1,2
8,6,4,-,2,3,-,5,7,0,1
M,o,n,t,a,n,a
3,8,6
R,a,n,d,y, ,D,o,r,s,e,y
1,9,7,4,-,0,5,-,0,9
4,2,5,-,8,0,-,0,3,6,0
M,i,s,s,o,u,r,i
2,7,2
D,u,a,n,e, ,W,i,l,l,i,a,m,s
1,9,7,3,-,1,0,-,1,4
4,3,3,-,0,6,-,8,8,1,8
N,e,v,a,d,a
6,1,4
C,o,l,l,e,e,n, ,B,e,a,s,l,e,y
1,9,7,7,-,0,8,-,1,2
1,0,8,-,9,5,-,3,2,8,6
M,a,s,s,a,c,h,u,s,e,t,t,s
2,6,2
B,r,i,a,n, ,J,a,c,k,s,o,n
1,9,8,5,-,1,2,-,2,1
2,6,5,-,2,3,-,9,5,9,7
P,e,n,n,s,y,l,v,a,n,i,a
1,1,0
C,y,n,t,h,i,a, ,P,r,i,c,e
1,9,9,1,-,1,0,-,1,5
8,8,3,-,4,8,-,6,1,8,4
S,o,u,t,h, ,D,a,k,o,t,a
5,0,1
D,o,n,a,l,d, ,C,a,r,t,e,r
1,9,8,3,-,0,7,-,1,6
4,4,1,-,9,2,-,5,9,2,2
H,a,w,a,i,i
6,5
L,i,s,a, ,S,c,h,m,i,t,t
1,9,7,6,-,0,4,-,2,3
1,2,4,-,2,7,-,5,9,8,0
T,e,n,n,e,s,s,e,e
4,5,8
D,u,s,t,i,n, ,N,i,c,h,o,l,s
1,9,7,7,-,0,6,-,0,7
5,1,5,-,4,0,-,9,0,1,5
N,e,b,r,a,s,k,a
2,2,4
J,a,y, ,B,r,o,w,n
1,9,8,0,-,0,4,-,2,4
2,7,0,-,7,2,-,8,7,3,6
T,e,x,a,s
1,6,0
B,e,t,h, ,L,y,n,c,h
1,9,8,4,-,0,2,-,1,3
7,4,6,-,7,6,-,0,8,1,4
A,l,a,s,k,a
2,5,9
M,a,r,y, ,M,i,t,c,h,e,l,l
1,9,8,2,-,0,1,-,2,0
7,8,9,-,2,8,-,3,6,0,2
T,e,x,a,s
5,4,7
J,o,s,h,u,a, ,R,u,s,h
1,9,8,6,-,0,8,-,0,5
6,1,1,-,3,5,-,2,7,1,0
G,e,o,r,g,i,a
3,5,8
J,i,l,l,i,a,n, ,D,a,v,i,d
1,9,7,3,-,0,4,-,1,1
7,3,7,-,6,4,-,4,4,6,2
H,a,w,a,i,i
6,5,2
A,n,t,h,o,n,y, ,D,e,l,g,a,d,o
1,9,9,4,-,0,9,-,1,9
0,0,4,-,6,4,-,7,8,3,7
F,l,o,r,i,d,a
4,9
M,e,g,h,a,n, ,W,i,l,s,o,n
1,9,8,8,-,0,5,-,1,8
3,6,7,-,2,7,-,4,7,2,2
H,a,w,a,i,i
4,3,7
A,n,d,r,e,a, ,M,o,n,t,g,o,m,e,r,y
1,9,9,1,-,1,2,-,0,3
8,1,5,-,8,8,-,6,3,1,5
O,h,i,o
5,3,6
M,e,g,a,n, ,G,r,a,y
1,9,7,2,-,1,0,-,1,2
7,7,8,-,2,3,-,4,0,0,6
N,e,w, ,Y,o,r,k
6,3,6
S,a,r,a,h, ,B,r,o,o,k,s
1,9,9,1,-,0,6,-,2,7
3,1,1,-,2,4,-,6,9,4,8
A,r,k,a,n,s,a,s
3,3,0
K,a,y,l,e,e, ,C,l,a,r,k
1,9,9,2,-,0,5,-,2,9
7,9,0,-,1,6,-,0,7,5,3
W,i,s,c,o,n,s,i,n
5,3,8
J,o,s,e,p,h, ,M,a,r,t,i,n
1,9,9,2,-,0,4,-,1,3
0,3,0,-,4,9,-,5,3,9,6
A,r,k,a,n,s,a,s
1,6,8
D,o,n,n,a, ,R,o,s,e
1,9,8,9,-,0,4,-,2,0
7,1,9,-,4,0,-,1,9,6,0
T,e,n,n,e,s,s,e,e
4,8,0
B,r,a,n,d,i, ,S,a,w,y,e,r
1,9,7,9,-,0,7,-,1,3
0,0,8,-,5,8,-,9,3,3,4
R,h,o,d,e, ,I,s,l,a,n,d
5,4,3
J,a,m,e,s, ,T,o,r,r,e,s
1,9,8,6,-,0,1,-,1,9
6,2,6,-,8,4,-,5,0,2,6
D,e,l,a,w,a,r,e
5,0,6
J,o,n,a,t,h,a,n, ,M,a,l,o,n,e
1,9,8,4,-,0,4,-,1,4
5,6,4,-,6,7,-,9,9,4,2
M,i,n,n,e,s,o,t,a
8,0
C,h,r,i,s,t,i,n,e, ,W,i,l,l,i,a,m,s
1,9,7,4,-,0,8,-,1,5
5,2,7,-,9,8,-,1,9,7,4
M,i,n,n,e,s,o,t,a
3,4,2
C,h,r,i,s,t,o,p,h,e,r, ,Y,o,u,n,g
1,9,8,8,-,1,2,-,0,2
3,2,6,-,5,5,-,1,3,4,3
N,e,b,r,a,s,k,a
3,6,4
D,a,v,i,d, ,T,u,r,n,e,r
1,9,7,3,-,0,2,-,1,3
0,8,7,-,3,2,-,7,1,0,8
I,l,l,i,n,o,i,s
6,4
G,r,e,g,o,r,y, ,E,s,t,e,s
1,9,8,9,-,1,0,-,0,4
0,7,5,-,7,4,-,9,2,3,5
K,a,n,s,a,s
1,5,6
S,h,a,n,n,o,n, ,V,a,u,g,h,n
1,9,9,2,-,1,2,-,2,7
8,0,8,-,9,1,-,2,4,4,4
A,r,k,a,n,s,a,s
2,8,5
J,a,m,e,s, ,M,c,l,a,u,g,h,l,i,n
1,9,8,1,-,0,1,-,2,1
2,8,3,-,3,8,-,1,0,8,8
N,o,r,t,h, ,C,a,r,o,l,i,n,a
7,9
M,i,c,h,a,e,l, ,B,r,o,w,n
1,9,8,6,-,0,1,-,1,3
1,3,2,-,0,2,-,9,6,8,2
O,h,i,o
1,7,0
J,e,n,n,i,f,e,r, ,C,r,a,w,f,o,r,d
1,9,8,6,-,0,7,-,2,1
2,2,9,-,1,1,-,5,8,6,1
F,l,o,r,i,d,a
5,6,1
M,i,c,h,e,l,l,e, ,C,a,r,r
1,9,7,8,-,0,6,-,2,2
8,2,3,-,2,5,-,2,7,5,9
C,o,n,n,e,c,t,i,c,u,t
6,1,7
A,n,d,r,e,w, ,L,o,v,e
1,9,9,1,-,0,5,-,2,7
6,4,8,-,6,7,-,9,6,9,6
O,h,i,o
5,1,5
A,n,n,a, ,B,e,n,n,e,t,t
1,9,7,7,-,0,6,-,2,0
7,2,6,-,5,1,-,6,9,0,9
T,e,n,n,e,s,s,e,e
6,4,4
W,i,l,l,i,a,m, ,W,a,t,t,s
1,9,8,9,-,1,0,-,1,2
3,0,4,-,4,0,-,6,8,8,3
M,i,n,n,e,s,o,t,a
4,5,0
C,y,n,t,h,i,a, ,W,i,l,l,i,a,m,s
1,9,7,8,-,1,2,-,2,3
0,4,4,-,5,4,-,5,9,9,4
N,e,w, ,Y,o,r,k
2,1,6
B,r,u,c,e, ,M,i,l,e,s
1,9,8,2,-,0,1,-,2,1
5,7,3,-,8,2,-,0,9,6,9
I,o,w,a
8,8
A,m,a,n,d,a, ,W,i,l,s,o,n
1,9,7,2,-,0,5,-,2,3
7,2,4,-,1,9,-,0,7,6,7
N,e,b,r,a,s,k,a
1,3,0
J,o,s,h,u,a, ,R,i,l,e,y
1,9,8,3,-,1,1,-,0,8
8,5,4,-,4,9,-,4,8,7,4
I,n,d,i,a,n,a
4,0,8
C,a,r,l,a, ,T,o,r,r,e,s
1,9,8,7,-,0,2,-,2,3
3,7,0,-,6,8,-,7,5,9,9
C,o,n,n,e,c,t,i,c,u,t
1,0,5
M,a,r,k, ,G,r,e,e,n
1,9,7,7,-,0,6,-,1,4
1,9,8,-,3,3,-,6,8,9,3
A,r,i,z,o,n,a
5,8,0
S,t,e,p,h,a,n,i,e, ,G,o,o,d,w,i,n
1,9,8,6,-,0,2,-,2,5
3,4,4,-,8,9,-,5,7,0,2
N,o,r,t,h, ,C,a,r,o,l,i,n,a
3,8,8
C,a,m,e,r,o,n, ,A,l,l,e,n
1,9,8,6,-,0,1,-,0,2
1,3,6,-,1,9,-,8,3,4,1
I,d,a,h,o
3,1,6
H,a,r,o,l,d, ,L,i
1,9,8,3,-,0,5,-,1,1
2,8,3,-,6,1,-,2,9,6,6
G,e,o,r,g,i,a
1,9,6
S,a,r,a, ,C,u,r,r,y
1,9,8,4,-,0,6,-,0,5
5,1,9,-,3,8,-,1,6,7,8
I,d,a,h,o
3,6,6
C,a,r,o,l,i,n,e, ,W,y,a,t,t
1,9,7,9,-,1,1,-,1,2
4,4,5,-,5,0,-,7,0,6,3
N,e,w, ,Y,o,r,k
3,3,1
N,i,c,o,l,e, ,P,e,r,e,z
1,9,8,2,-,0,9,-,2,8
4,6,2,-,4,2,-,1,4,5,5
M,o,n,t,a,n,a
6,3
J,a,c,q,u,e,l,i,n,e, ,G,a,r,c,i,a
1,9,9,1,-,0,1,-,3,1
2,9,5,-,5,0,-,8,9,5,3
N,o,r,t,h, ,C,a,r,o,l,i,n,a
6,5,1
A,l,e,x,a,n,d,e,r, ,W,r,i,g,h,t
1,9,7,9,-,0,4,-,1,8
7,5,6,-,7,9,-,7,2,6,3
M,i,n,n,e,s,o,t,a
4,9,7
H,e,a,t,h,e,r, ,F,a,r,r,e,l,l
1,9,7,8,-,0,1,-,1,1
3,1,0,-,0,6,-,0,3,3,8
M,a,s,s,a,c,h,u,s,e,t,t,s
1,4
J,o,s,e,p,h, ,F,e,r,n,a,n,d,e,z
1,9,7,8,-,0,6,-,0,1
4,2,6,-,4,2,-,4,9,7,1
I,l,l,i,n,o,i,s
5,2
T,i,m,o,t,h,y, ,C,h,a,n,d,l,e,r
1,9,7,8,-,0,3,-,2,6
5,8,2,-,2,2,-,3,8,9,7
N,e,w, ,M,e,x,i,c,o
4,5,6
G,r,e,g,o,r,y, ,J,a,c,k,s,o,n
1,9,7,3,-,0,6,-,0,6
5,3,4,-,4,9,-,0,0,5,8
W,y,o,m,i,n,g
4,1,2
T,h,o,m,a,s, ,P,a,t,t,e,r,s,o,n
1,9,7,7,-,0,5,-,0,6
4,6,1,-,0,5,-,4,5,6,1
V,i,r,g,i,n,i,a
2,8,3
T,i,m,o,t,h,y, ,S,u,a,r,e,z
1,9,7,7,-,0,1,-,1,2
2,9,7,-,2,7,-,3,0,7,3
W,i,s,c,o,n,s,i,n
1,7,4
J,e,n,n,i,f,e,r, ,J,e,n,s,e,n
1,9,9,1,-,0,3,-,0,9
8,8,7,-,1,1,-,4,2,9,3
G,e,o,r,g,i,a
5,0,9
A,n,d,r,e,w, ,H,o,g,a,n
1,9,9,0,-,0,6,-,0,8
7,9,2,-,1,6,-,5,9,4,3
N,o,r,t,h, ,D,a,k,o,t,a
2,5,4
D,a,l,e, ,H,a,r,t,m,a,n
1,9,9,3,-,1,0,-,0,1
4,3,2,-,2,5,-,9,5,0,2
M,a,i,n,e
5,3,1
J,e,n,n,i,f,e,r, ,W,i,l,l,i,a,m,s
1,9,7,7,-,0,2,-,2,7
6,3,6,-,5,1,-,9,0,5,4
O,k,l,a,h,o,m,a
1,0,4
A,n,t,o,n,i,o, ,P,e,r,e,z
1,9,8,0,-,0,2,-,0,9
3,8,9,-,4,2,-,4,1,1,5
N,o,r,t,h, ,C,a,r,o,l,i,n,a
5,4,9
J,o,s,h,u,a, ,H,i,c,k,s
1,9,8,5,-,0,1,-,0,7
5,1,3,-,9,9,-,4,7,8,6
K,a,n,s,a,s
1,8,3
E,d,w,a,r,d, ,T,h,o,m,p,s,o,n
1,9,9,4,-,0,8,-,3,1
0,7,9,-,4,9,-,8,6,0,5
O,h,i,o
6,1,2
L,e,e, ,Z,a,m,o,r,a
1,9,7,9,-,0,3,-,1,7
8,6,9,-,6,0,-,3,3,2,1
U,t,a,h
4,9,2
W,y,a,t,t, ,R,i,v,e,r,s
1,9,8,4,-,0,2,-,0,7
6,1,4,-,7,0,-,5,1,3,5
K,e,n,t,u,c,k,y
2,7
M,i,c,h,e,l,l,e, ,R,e,e,v,e,s
1,9,7,2,-,1,1,-,2,3
7,8,5,-,6,3,-,1,0,6,6
P,e,n,n,s,y,l,v,a,n,i,a
2,8,7
J,o,a,n,n,a, ,H,o,p,k,i,n,s
1,9,7,3,-,0,4,-,1,7
0,4,0,-,9,3,-,2,7,1,4
M,a,s,s,a,c,h,u,s,e,t,t,s
5,8,4
J,o,s,e,p,h, ,M,i,t,c,h,e,l,l
1,9,8,0,-,0,5,-,1,8
4,6,7,-,1,4,-,7,4,4,1
V,i,r,g,i,n,i,a
6,2,4
A,r,i,e,l, ,R,a,y
1,9,7,2,-,0,9,-,1,1
8,6,4,-,0,9,-,2,7,3,2
O,r,e,g,o,n
5,3
S,h,a,w,n, ,M,u,r,r,a,y
1,9,9,0,-,1,0,-,3,0
2,8,9,-,2,2,-,5,2,1,7
M,i,s,s,i,s,s,i,p,p,i
2,0,6
J,o,s,e, ,S,p,e,a,r,s
1,9,7,6,-,0,3,-,0,1
8,5,3,-,3,8,-,2,6,7,5
N,e,w, ,H,a,m,p,s,h,i,r,e
2,1,1
C,a,r,o,l,i,n,e, ,M,a,y,e,r
1,9,7,3,-,0,5,-,0,3
0,0,3,-,6,2,-,2,4,8,7
W,y,o,m,i,n,g
6,4,6
D,a,v,i,d, ,W,e,a,v,e,r
1,9,7,6,-,0,8,-,1,1
7,5,7,-,0,6,-,2,7,5,0
M,a,i,n,e
3,3,6
K,e,l,l,y, ,S,u,l,l,i,v,a,n
1,9,8,8,-,0,4,-,1,2
6,6,1,-,6,6,-,7,2,8,4
N,e,v,a,d,a
5,5,5
K,y,l,e, ,R,a,m,i,r,e,z
1,9,8,4,-,0,5,-,3,0
4,9,3,-,4,2,-,2,8,3,9
W,a,s,h,i,n,g,t,o,n
5,6,0
C,a,r,r,i,e, ,D,a,v,i,s
1,9,8,4,-,0,6,-,2,0
5,1,5,-,7,1,-,6,5,5,8
W,a,s,h,i,n,g,t,o,n
2,0,3
C,a,t,h,e,r,i,n,e, ,M,a,r,t,i,n,e,z
1,9,9,0,-,0,4,-,2,8
8,1,0,-,7,9,-,6,9,1,7
N,e,w, ,M,e,x,i,c,o
2,1,7
A,m,a,n,d,a, ,L,e,w,i,s
1,9,8,8,-,1,2,-,0,5
3,6,7,-,5,4,-,0,5,0,4
M,o,n,t,a,n,a
3,7,1
K,a,t,h,e,r,i,n,e, ,B,a,i,l,e,y
1,9,9,4,-,0,3,-,0,4
3,6,3,-,3,0,-,3,5,4,5
W,e,s,t, ,V,i,r,g,i,n,i,a
6,0,5
R,o,d,n,e,y, ,S,m,i,t,h
1,9,7,5,-,0,5,-,0,8
6,1,8,-,3,1,-,3,1,0,5
N,e,w, ,H,a,m,p,s,h,i,r,e
3,3,7
S,a,v,a,n,n,a,h, ,S,a,u,n,d,e,r,s
1,9,8,4,-,0,5,-,1,2
4,6,5,-,3,3,-,2,4,7,3
I,o,w,a
3,8,1
C,l,a,u,d,i,a, ,O,n,e,a,l
1,9,8,7,-,0,4,-,0,1
3,7,7,-,7,3,-,9,0,0,8
T,e,x,a,s
5,0,8
R,o,y, ,J,o,h,n,s,o,n
1,9,8,4,-,0,3,-,3,0
4,6,7,-,5,1,-,6,3,4,4
A,l,a,s,k,a
5,8
M,i,c,h,e,l,l,e, ,S,m,i,t,h
1,9,8,2,-,0,7,-,0,8
2,0,1,-,6,5,-,6,8,3,4
N,e,v,a,d,a
4,0,1
A,m,a,n,d,a, ,H,a,n,e,y
1,9,8,3,-,0,4,-,1,1
5,9,0,-,7,7,-,9,0,1,9
I,o,w,a
1,6,3
T,h,e,r,e,s,a, ,F,l,e,t,c,h,e,r
1,9,9,2,-,1,0,-,2,2
1,8,4,-,2,9,-,0,5,3,5
V,i,r,g,i,n,i,a
5,4,8
D,e,b,r,a, ,G,r,e,e,n
1,9,8,8,-,0,7,-,2,0
2,2,7,-,3,9,-,5,3,7,6
S,o,u,t,h, ,C,a,r,o,l,i,n,a
1,6,1
J,o,h,n, ,C,o,x
1,9,8,5,-,1,2,-,1,1
3,3,8,-,5,2,-,7,7,3,9
O,h,i,o
4,6,4
B,e,t,h, ,H,a,r,r,i,s
1,9,8,2,-,1,2,-,2,2
6,9,8,-,9,2,-,5,8,7,1
R,h,o,d,e, ,I,s,l,a,n,d
4,7,6
E,r,i,c,a, ,M,c,c,o,n,n,e,l,l
1,9,8,1,-,0,7,-,0,1
1,6,0,-,8,8,-,0,8,7,8
M,a,s,s,a,c,h,u,s,e,t,t,s
2,0,8
K,i,m,b,e,r,l,y, ,J,o,h,n,s,o,n
1,9,9,2,-,0,1,-,2,2
7,1,4,-,7,2,-,4,3,0,4
P,e,n,n,s,y,l,v,a,n,i,a
3,7,8
K,y,l,e, ,A,g,u,i,r,r,e
1,9,7,3,-,1,0,-,2,4
3,7,1,-,5,7,-,4,4,6,9
N,e,b,r,a,s,k,a
6,5,4
N,i,c,o,l,e, ,E,n,g,l,i,s,h
1,9,7,7,-,0,4,-,3,0
7,6,5,-,8,2,-,9,1,6,4
H,a,w,a,i,i
5,8,5
B,o,n,n,i,e, ,T,u,r,n,e,r
1,9,7,3,-,0,4,-,0,1
0,7,4,-,6,8,-,0,2,0,8
M,a,r,y,l,a,n,d
6,2,1
M,a,u,r,i,c,e, ,G,i,l,l,e,s,p,i,e
1,9,8,4,-,0,9,-,0,7
8,3,7,-,9,1,-,8,5,0,9
G,e,o,r,g,i,a
3,0,0
C,o,r,e,y, ,A,d,a,m,s
1,9,8,8,-,1,0,-,0,8
2,4,8,-,9,3,-,2,5,7,8
O,r,e,g,o,n
6,4,0
B,r,e,t,t, ,N,e,l,s,o,n
1,9,8,6,-,0,6,-,2,0
0,8,4,-,1,4,-,3,0,4,9
M,a,r,y,l,a,n,d
2,9,7
M,e,l,o,d,y, ,N,e,l,s,o,n
1,9,7,9,-,0,1,-,2,3
1,9,2,-,4,1,-,1,9,3,1
V,i,r,g,i,n,i,a
2,0,9
J,a,m,e,s, ,Y,o,u,n,g
1,9,8,0,-,0,4,-,1,2
2,3,6,-,5,7,-,8,5,5,7
M,a,i,n,e
3,2,0
R,o,b,e,r,t, ,S,m,i,t,h
1,9,9,4,-,0,4,-,1,4
5,9,6,-,0,7,-,0,7,4,8
M,i,s,s,i,s,s,i,p,p,i
2,4,2
C,a,r,o,l,i,n,e, ,L,a,r,s,o,n
1,9,9,0,-,0,5,-,0,5
3,0,1,-,8,1,-,7,1,7,8
L,o,u,i,s,i,a,n,a
2,5,8
M,e,g,a,n, ,R,o,b,i,n,s,o,n
1,9,7,3,-,0,3,-,2,4
5,0,4,-,1,4,-,1,6,0,1
W,e,s,t, ,V,i,r,g,i,n,i,a
5,7,0
S,h,a,w,n, ,E,d,w,a,r,d,s
1,9,7,8,-,0,1,-,1,9
7,6,7,-,5,4,-,4,8,6,5
L,o,u,i,s,i,a,n,a
4,1,7
D,a,v,i,d, ,E,v,a,n,s
1,9,7,7,-,0,9,-,1,5
3,3,3,-,3,8,-,6,7,7,3
W,a,s,h,i,n,g,t,o,n
2,8,1
J,u,l,i,e, ,P,r,i,c,e
1,9,9,3,-,0,1,-,2,0
7,2,7,-,9,0,-,3,5,9,9
P,e,n,n,s,y,l,v,a,n,i,a
4,3,6
B,r,i,a,n,a, ,W,e,b,s,t,e,r
1,9,7,8,-,0,2,-,0,8
2,7,2,-,2,9,-,3,7,0,4
P,e,n,n,s,y,l,v,a,n,i,a
4,4,1
R,o,b,i,n, ,O,c,o,n,n,o,r
1,9,7,8,-,0,2,-,2,7
4,1,3,-,1,5,-,0,7,8,2
N,e,w, ,H,a,m,p,s,h,i,r,e
4,2,5
A,l,b,e,r,t, ,D,a,v,i,d,s,o,n
1,9,7,5,-,0,1,-,2,0
2,0,7,-,0,5,-,9,1,8,2
C,a,l,i,f,o,r,n,i,a
5,5,3
M,a,r,k, ,C,h,e,n
1,9,8,9,-,0,4,-,0,2
7,0,6,-,7,1,-,3,5,5,3
W,y,o,m,i,n,g
2,6,6
E,l,i,z,a,b,e,t,h, ,L,y,n,n
1,9,9,2,-,0,2,-,2,5
8,2,4,-,0,9,-,8,6,4,7
M,a,s,s,a,c,h,u,s,e,t,t,s
4,0
T,r,a,c,y, ,G,o,n,z,a,l,e,z
1,9,8,3,-,1,1,-,0,1
0,7,3,-,5,5,-,4,0,5,9
W,y,o,m,i,n,g
6,0,9
P,a,t,r,i,c,i,a, ,F,l,e,t,c,h,e,r
1,9,7,9,-,0,6,-,3,0
8,4,3,-,0,6,-,2,3,1,1
R,h,o,d,e, ,I,s,l,a,n,d
4,7,1
T,a,m,m,y, ,S,a,l,i,n,a,s
1,9,8,0,-,1,2,-,2,9
8,4,0,-,4,8,-,3,8,5,0
N,o,r,t,h, ,C,a,r,o,l,i,n,a
3,0,7
R,o,g,e,r, ,W,r,i,g,h,t
1,9,7,4,-,0,3,-,0,4
3,1,1,-,6,7,-,3,0,8,0
M,i,s,s,o,u,r,i
3,5,3
K,e,l,l,y, ,C,a,s,t,i,l,l,o
1,9,9,2,-,0,4,-,1,3
8,2,1,-,2,2,-,7,6,2,2
W,a,s,h,i,n,g,t,o,n
3,9,3
C,h,a,r,l,e,s, ,K,e,l,l,e,y
1,9,9,3,-,0,4,-,1,4
1,5,9,-,2,5,-,1,1,3,3
O,k,l,a,h,o,m,a
6,0,7
D,a,v,i,d, ,J,o,h,n,s,o,n
1,9,8,5,-,0,6,-,2,3
0,0,2,-,7,4,-,9,7,2,9
D,e,l,a,w,a,r,e
4,8,3
D,a,v,i,d, ,C,e,r,v,a,n,t,e,s
1,9,8,3,-,0,1,-,0,8
4,1,5,-,3,9,-,0,0,8,2
W,a,s,h,i,n,g,t,o,n
3,7,0
V,a,l,e,r,i,e, ,L,o,p,e,z
1,9,8,3,-,0,4,-,1,0
3,8,2,-,7,0,-,0,4,4,1
A,l,a,b,a,m,a
2,7,3
S,a,r,a,h, ,H,a,y,e,s
1,9,8,4,-,1,1,-,2,0
1,1,0,-,6,3,-,8,1,9,5
C,o,n,n,e,c,t,i,c,u,t
1,4,1
C,h,r,i,s,t,i,n,a, ,A,r,n,o,l,d
1,9,7,9,-,1,0,-,2,0
1,5,5,-,7,8,-,2,3,1,3
N,e,w, ,Y,o,r,k
3,3,8
C,y,n,t,h,i,a, ,B,e,n,n,e,t,t
1,9,7,3,-,1,1,-,2,6
7,6,3,-,9,2,-,7,8,9,9
M,a,r,y,l,a,n,d
1,5
M,i,c,h,e,l,l,e, ,H,u,a,n,g
1,9,8,3,-,0,4,-,0,9
4,6,9,-,3,4,-,8,3,6,3
U,t,a,h
1,2,0
A,m,a,n,d,a, ,D,o,d,s,o,n
1,9,7,3,-,0,3,-,0,4
2,0,3,-,9,3,-,6,0,5,6
K,a,n,s,a,s
7,5
J,e,f,f, ,H,a,w,k,i,n,s
1,9,9,2,-,0,8,-,1,0
4,8,8,-,3,0,-,5,6,0,6
I,l,l,i,n,o,i,s
1,1,5
P,a,t,r,i,c,k, ,T,a,y,l,o,r
1,9,9,1,-,0,7,-,2,9
1,6,9,-,4,9,-,5,5,9,5
M,i,s,s,o,u,r,i
6,2,9
E,l,i,z,a,b,e,t,h, ,H,o,w,a,r,d
1,9,8,4,-,1,1,-,0,5
0,6,0,-,6,0,-,2,6,4,1
A,r,i,z,o,n,a
2,9,9
N,o,a,h, ,W,h,i,t,e
1,9,7,7,-,0,4,-,3,0
0,9,6,-,7,9,-,0,8,9,7
S,o,u,t,h, ,C,a,r,o,l,i,n,a
4,9,8
C,a,r,o,l,i,n,e, ,J,a,c,k,s,o,n
1,9,8,3,-,1,2,-,2,9
2,2,8,-,1,9,-,4,1,0,2
D,e,l,a,w,a,r,e
4,4,5
A,n,d,r,e,a, ,W,r,i,g,h,t
1,9,7,8,-,0,6,-,1,5
3,0,5,-,2,4,-,8,3,8,6
O,h,i,o
5,8,2
S,a,r,a, ,S,m,i,t,h
1,9,8,3,-,0,1,-,0,2
7,6,1,-,2,8,-,9,1,8,8
T,e,n,n,e,s,s,e,e
2,4,5
J,e,n,n,i,f,e,r, ,R,o,d,r,i,g,u,e,z
1,9,7,4,-,0,4,-,2,3
2,6,4,-,8,2,-,2,5,3,8
N,e,w, ,M,e,x,i,c,o
1,2,9
D,e,a,n,n,a, ,T,e,r,r,e,l,l
1,9,9,0,-,0,2,-,0,5
0,3,7,-,6,9,-,5,7,4,3
O,k,l,a,h,o,m,a
5,4,4
K,r,i,s,t,i,n,a, ,S,u,m,m,e,r,s
1,9,8,9,-,0,2,-,1,7
0,0,5,-,9,1,-,3,0,5,8
O,r,e,g,o,n
3,7,7
L,a,u,r,a, ,M,e,r,c,a,d,o
1,9,7,4,-,0,4,-,0,5
3,0,3,-,8,4,-,9,5,1,4
M,i,c,h,i,g,a,n
1,5,5
M,a,t,t,h,e,w, ,K,a,n,e
1,9,9,0,-,1,1,-,1,7
2,3,6,-,2,1,-,9,3,8,5
P,e,n,n,s,y,l,v,a,n,i,a
4,4,0
T,a,m,a,r,a, ,W,h,i,t,e
1,9,8,0,-,0,5,-,2,0
7,5,8,-,5,3,-,6,6,1,4
F,l,o,r,i,d,a
5,5,0
S,a,m,a,n,t,h,a, ,T,h,o,m,p,s,o,n
1,9,7,6,-,0,6,-,0,4
2,7,9,-,1,7,-,9,2,3,0
N,e,w, ,Y,o,r,k
4,7
J,o,h,n, ,M,c,m,i,l,l,a,n
1,9,8,3,-,0,3,-,0,2
4,8,7,-,5,0,-,7,3,0,1
N,e,v,a,d,a
8,9
A,n,d,r,e,a, ,W,e,b,b
1,9,8,5,-,1,2,-,1,1
4,4,3,-,7,9,-,7,8,1,5
V,i,r,g,i,n,i,a
1,4,5
L,o,r,i, ,O,d,o,n,n,e,l,l
1,9,8,9,-,1,0,-,2,2
2,5,3,-,3,1,-,2,4,1,5
K,a,n,s,a,s
5,5,4
R,o,n,a,l,d, ,H,u,e,r,t,a
1,9,7,3,-,1,2,-,1,3
4,7,9,-,8,4,-,6,0,5,8
O,k,l,a,h,o,m,a
5,2,3
C,h,e,l,s,e,a, ,F,o,s,t,e,r
1,9,7,4,-,0,3,-,2,6
3,8,3,-,1,4,-,4,0,9,4
A,l,a,s,k,a
4,9,9
D,a,n,i,e,l, ,L,o,p,e,z
1,9,8,9,-,0,9,-,0,7
4,6,3,-,9,1,-,2,6,3,9
A,r,k,a,n,s,a,s
3,7
J,o,n,a,t,h,a,n, ,J,o,n,e,s
1,9,7,7,-,0,1,-,1,3
8,3,5,-,1,7,-,7,7,9,8
M,i,n,n,e,s,o,t,a
3,8,4
J,e,s,s,i,c,a, ,G,a,i,n,e,s
1,9,8,1,-,0,4,-,2,3
4,2,4,-,6,3,-,9,3,3,2
C,o,l,o,r,a,d,o
5,1,4
T,i,m,o,t,h,y, ,M,o,r,r,i,s
1,9,8,1,-,0,6,-,1,6
6,4,4,-,9,0,-,2,9,6,2
W,y,o,m,i,n,g
2,6,0
D,o,n,n,a, ,C,a,m,p,b,e,l,l
1,9,9,3,-,0,7,-,1,4
2,7,2,-,1,2,-,2,3,6,9
N,e,v,a,d,a
2,3,9
T,o,n,y,a, ,M,a,r,t,i,n,e,z
1,9,7,2,-,0,9,-,0,4
7,5,8,-,2,1,-,7,7,0,2
I,o,w,a
4,2,0
P,a,m,e,l,a, ,M,o,o,r,e
1,9,8,0,-,0,2,-,2,0
1,1,6,-,5,5,-,9,5,3,2
N,e,w, ,J,e,r,s,e,y
3,8,0
M,i,c,h,e,l,l,e, ,A,l,i
1,9,9,3,-,0,5,-,0,5
2,7,6,-,4,9,-,3,8,2,3
K,a,n,s,a,s
3,8,7
A,l,e,x,a,n,d,e,r, ,G,i,b,s,o,n
1,9,8,3,-,1,0,-,2,7
6,9,1,-,2,7,-,1,0,3,6
C,o,l,o,r,a,d,o
2,0,7
J,a,y, ,S,m,i,t,h
1,9,8,5,-,0,3,-,0,6
2,2,3,-,8,4,-,6,3,1,5
C,o,n,n,e,c,t,i,c,u,t
3,1,8
T,e,r,e,s,a, ,W,a,t,k,i,n,s
1,9,7,2,-,0,7,-,2,7
8,8,8,-,3,9,-,5,7,0,7
N,e,w, ,Y,o,r,k
1,6
B,r,a,d,l,e,y, ,G,u,z,m,a,n
1,9,8,0,-,0,5,-,0,8
1,6,9,-,1,1,-,2,8,1,7
W,y,o,m,i,n,g
6,1
R,h,o,n,d,a, ,Y,o,u,n,g
1,9,7,9,-,0,6,-,0,3
4,1,7,-,5,4,-,2,3,3,6
N,e,b,r,a,s,k,a
2,8,0
B,r,a,n,d,o,n, ,D,a,v,i,s
1,9,7,7,-,0,7,-,2,2
7,8,7,-,4,3,-,1,6,2,1
A,r,i,z,o,n,a
1,3
B,r,a,n,d,o,n, ,F,a,r,m,e,r
1,9,8,0,-,0,8,-,1,0
4,5,6,-,8,1,-,2,6,0,1
T,e,x,a,s
5,6,3
B,a,r,b,a,r,a, ,M,u,r,p,h,y
1,9,8,9,-,1,0,-,3,0
0,6,1,-,2,1,-,9,2,2,5
A,r,k,a,n,s,a,s
5,6,9
J,a,m,e,s, ,K,i,n,g
1,9,7,8,-,0,4,-,2,1
7,8,0,-,7,2,-,1,4,3,2
A,l,a,s,k,a
5,7,5
D,r,e,w, ,K,e,l,l,y
1,9,9,3,-,0,3,-,2,5
4,7,2,-,0,2,-,3,2,6,4
W,a,s,h,i,n,g,t,o,n
3,1,9
V,i,r,g,i,n,i,a, ,W,i,s,e
1,9,8,2,-,0,2,-,1,8
6,7,2,-,3,2,-,8,8,8,7
O,r,e,g,o,n
1,2,2
M,a,r,y, ,H,e,r,n,a,n,d,e,z
1,9,9,0,-,0,1,-,2,9
5,6,5,-,8,1,-,5,2,6,8
N,e,w, ,Y,o,r,k
5,2,0
R,y,a,n, ,R,u,s,s,e,l,l
1,9,7,5,-,0,1,-,0,6
0,9,2,-,9,1,-,3,8,2,8
H,a,w,a,i,i
4,8,9
A,m,a,n,d,a, ,S,m,i,t,h
1,9,8,9,-,0,8,-,0,5
5,7,2,-,6,8,-,3,5,7,9
D,e,l,a,w,a,r,e
1,3,6
M,o,r,g,a,n, ,D,u,n,n
1,9,8,0,-,0,7,-,1,3
0,2,3,-,5,7,-,1,6,0,1
A,r,i,z,o,n,a
1,4,2
K,i,m,b,e,r,l,y, ,S,h,a,w
1,9,7,3,-,0,6,-,1,1
2,1,5,-,0,4,-,7,5,7,7
M,a,s,s,a,c,h,u,s,e,t,t,s
2,5,0
K,a,t,h,l,e,e,n, ,K,l,e,i,n
1,9,9,0,-,0,1,-,1,5
0,2,0,-,6,2,-,3,3,8,8
N,e,w, ,M,e,x,i,c,o
3,8,3
D,i,a,n,a, ,M,e,y,e,r,s
1,9,7,2,-,0,9,-,1,3
0,7,0,-,3,1,-,4,2,9,6
T,e,n,n,e,s,s,e,e
6,5,0
L,o,g,a,n, ,S,m,i,t,h
1,9,9,0,-,0,3,-,2,6
5,6,1,-,7,3,-,0,1,9,4
M,i,n,n,e,s,o,t,a
2,3,1
T,r,a,c,y, ,M,a,r,t,i,n
1,9,7,5,-,0,5,-,0,3
8,1,8,-,0,1,-,0,7,2,6
A,l,a,s,k,a
4,3,1
E,d,w,i,n, ,M,a,r,t,i,n
1,9,8,8,-,0,2,-,1,3
4,0,8,-,0,6,-,9,1,6,8
M,i,s,s,o,u,r,i
3,0,6
K,e,l,l,y, ,M,o,r,a,n
1,9,7,6,-,0,7,-,1,4
7,2,9,-,3,8,-,0,6,7,0
N,e,v,a,d,a
1,5,1
R,o,b,e,r,t, ,S,m,i,t,h
1,9,8,7,-,0,1,-,1,2
0,3,8,-,7,7,-,2,3,0,0
I,d,a,h,o
5,1,9
J,a,n,e, ,M,a,r,t,i,n,e,z
1,9,9,1,-,0,1,-,3,0
7,4,7,-,9,5,-,3,9,7,7
A,r,i,z,o,n,a
1,7,2
D,e,n,i,s,e, ,C,a,s,t,i,l,l,o
1,9,8,3,-,1,0,-,1,0
7,4,8,-,5,8,-,0,0,4,2
L,o,u,i,s,i,a,n,a
1,2,1
J,o,n,a,t,h,o,n, ,B,r,o,c,k
1,9,8,0,-,0,4,-,3,0
8,2,5,-,8,4,-,9,9,1,7
C,o,l,o,r,a,d,o
1,4,0
A,m,a,n,d,a, ,F,r,a,n,c,o
1,9,9,4,-,0,9,-,2,4
3,0,0,-,8,5,-,5,4,1,3
A,l,a,s,k,a
4,8
H,e,a,t,h,e,r, ,R,o,b,i,n,s,o,n
1,9,8,5,-,1,1,-,2,0
2,3,7,-,5,6,-,1,9,2,9
M,i,n,n,e,s,o,t,a
2,8,2
K,a,t,h,r,y,n, ,S,t,o,u,t
1,9,8,7,-,0,8,-,2,4
1,3,7,-,8,3,-,9,6,3,7
I,o,w,a
4,2
C,o,r,y, ,H,o,p,k,i,n,s
1,9,7,7,-,0,3,-,1,3
2,7,2,-,5,3,-,9,4,9,1
A,l,a,s,k,a
2,4,7
R,y,a,n, ,S,n,y,d,e,r
1,9,8,2,-,0,7,-,1,4
8,5,7,-,3,0,-,9,3,3,0
M,a,s,s,a,c,h,u,s,e,t,t,s
5,9
S,a,r,a, ,W,a,l,k,e,r
1,9,8,5,-,0,8,-,1,6
0,2,4,-,8,6,-,5,4,2,3
N,e,b,r,a,s,k,a
1,3,7
D,a,n,i,e,l, ,G,a,r,c,i,a
1,9,7,9,-,0,4,-,2,1
5,6,0,-,4,1,-,3,0,0,1
W,i,s,c,o,n,s,i,n
2,5,7
P,a,u,l, ,E,v,a,n,s
1,9,7,7,-,0,6,-,2,5
4,0,1,-,6,0,-,4,3,0,2
M,i,n,n,e,s,o,t,a
3,4,3
E,l,i,z,a,b,e,t,h, ,O,l,s,o,n
1,9,7,6,-,0,1,-,2,2
6,3,8,-,6,1,-,7,1,6,3
M,a,s,s,a,c,h,u,s,e,t,t,s
1,9,5
A,n,n, ,R,o,m,e,r,o
1,9,8,9,-,1,0,-,2,7
4,6,0,-,2,1,-,4,0,4,6
D,e,l,a,w,a,r,e
2,6,8
T,h,o,m,a,s, ,J,e,n,s,e,n
1,9,9,1,-,0,2,-,2,3
7,7,1,-,1,4,-,3,4,3,0
O,h,i,o
5,5,8
B,r,i,a,n, ,D,a,v,i,l,a
1,9,8,2,-,0,7,-,0,5
0,5,4,-,8,3,-,3,7,1,1
D,e,l,a,w,a,r,e
7,0
D,o,n,n,a, ,H,o,w,a,r,d
1,9,9,0,-,0,3,-,3,1
3,0,6,-,0,6,-,7,4,3,2
M,i,s,s,i,s,s,i,p,p,i
2,8
K,i,m,b,e,r,l,y, ,M,a,s,s,e,y
1,9,8,1,-,0,1,-,0,1
7,6,9,-,0,2,-,4,6,4,9
M,i,s,s,o,u,r,i
1,3,2
J,e,r,e,m,y, ,C,r,o,s,s
1,9,8,7,-,1,1,-,2,2
1,5,7,-,7,2,-,4,6,3,2
H,a,w,a,i,i
3,3,5
D,e,n,n,i,s, ,T,h,o,m,a,s
1,9,8,9,-,0,6,-,1,1
3,2,6,-,3,6,-,5,0,3,2
I,n,d,i,a,n,a
3,4,9
K,e,n,n,e,t,h, ,M,a,r,t,i,n
1,9,8,9,-,0,8,-,2,4
1,7,5,-,8,1,-,4,6,8,1
M,i,c,h,i,g,a,n
5,1,0
T,y,l,e,r, ,B,r,e,w,e,r
1,9,7,2,-,0,6,-,2,8
2,1,2,-,0,1,-,9,0,0,6
H,a,w,a,i,i
3,6
S,c,o,t,t, ,B,r,o,o,k,s
1,9,7,2,-,0,2,-,2,4
8,5,5,-,4,2,-,4,9,5,8
N,e,w, ,Y,o,r,k
4,3,0
D,e,r,r,i,c,k, ,F,r,i,t,z
1,9,8,2,-,1,2,-,0,5
0,7,5,-,9,8,-,0,0,7,1
I,o,w,a
3,7,6
C,h,r,i,s,t,i,n,e, ,M,u,n,o,z
1,9,7,4,-,1,1,-,1,7
0,1,8,-,3,8,-,0,1,4,9
M,i,s,s,o,u,r,i
2,2,6
J,u,l,i,e, ,R,o,b,b,i,n,s
1,9,7,6,-,1,1,-,2,3
0,5,8,-,1,3,-,4,5,7,1
I,n,d,i,a,n,a
2,4,0
R,a,c,h,e,l, ,C,o,o,k
1,9,8,2,-,0,3,-,0,3
7,1,6,-,8,5,-,9,0,4,2
N,e,w, ,M,e,x,i,c,o
2,9,1
K,y,l,e, ,H,o,f,f,m,a,n
1,9,8,4,-,1,2,-,2,5
0,0,3,-,4,3,-,7,6,9,2
M,o,n,t,a,n,a
6,1,9
N,a,n,c,y, ,N,g,u,y,e,n
1,9,7,6,-,0,7,-,0,5
8,4,7,-,7,5,-,3,9,3,9
V,i,r,g,i,n,i,a
4,2,4
J,o,h,n, ,W,e,l,l,s
1,9,9,3,-,0,5,-,2,5
2,9,9,-,2,4,-,3,0,2,6
N,e,w, ,H,a,m,p,s,h,i,r,e
2,1,2
R,o,b,e,r,t, ,E,l,l,i,s,o,n
1,9,7,9,-,0,7,-,1,6
3,7,1,-,1,3,-,9,5,7,9
N,e,b,r,a,s,k,a
2,6,3
K,e,i,t,h, ,R,o,b,i,n,s,o,n
1,9,7,8,-,0,4,-,1,5
5,3,8,-,8,8,-,3,5,7,9
N,o,r,t,h, ,C,a,r,o,l,i,n,a
4,4,3
D,e,n,n,i,s, ,O,s,b,o,r,n
1,9,7,3,-,1,1,-,1,5
7,1,6,-,6,2,-,3,5,3,1
M,a,s,s,a,c,h,u,s,e,t,t,s
2,6
R,o,n,a,l,d, ,H,a,y,s
1,9,9,3,-,1,2,-,2,1
2,8,2,-,0,9,-,6,4,3,0
T,e,x,a,s
4,9,1
L,e,s,l,i,e, ,B,r,o,w,n
1,9,7,3,-,0,6,-,1,5
8,0,5,-,8,6,-,1,8,0,6
N,e,w, ,J,e,r,s,e,y
1,1,4
M,a,r,i,a, ,C,h,a,p,m,a,n
1,9,7,3,-,1,2,-,2,0
1,6,5,-,3,2,-,7,3,0,0
O,k,l,a,h,o,m,a
4,3,4
M,e,l,i,s,s,a, ,T,o,r,r,e,s
1,9,8,1,-,0,3,-,2,2
4,8,4,-,3,4,-,6,9,2,1
N,e,w, ,M,e,x,i,c,o
6,1,5
J,o,s,h,u,a, ,W,e,a,v,e,r
1,9,8,2,-,1,1,-,2,0
2,6,8,-,4,8,-,7,0,3,0
I,o,w,a
5,2,5
C,r,y,s,t,a,l, ,M,a,r,t,i,n
1,9,9,3,-,0,8,-,2,9
2,5,2,-,4,5,-,0,6,7,9
M,a,i,n,e
4,4
S,h,e,r,i, ,B,a,l,l
1,9,9,1,-,0,8,-,0,4
4,2,2,-,2,1,-,7,5,4,8
A,r,i,z,o,n,a
4,7,5
S,t,e,v,e,n, ,R,i,t,t,e,r
1,9,8,6,-,0,2,-,1,1
0,6,3,-,5,3,-,8,0,0,4
O,h,i,o
5,2,9
L,i,n,d,a, ,K,r,a,u,s,e
1,9,7,8,-,1,2,-,2,2
1,3,8,-,5,5,-,4,3,8,2
S,o,u,t,h, ,D,a,k,o,t,a
8,3
J,o,h,n, ,M,y,e,r,s
1,9,8,9,-,0,7,-,2,5
8,7,9,-,9,3,-,1,8,6,9
N,e,w, ,J,e,r,s,e,y
2,7,5
M,a,r,k, ,W,h,i,t,e
1,9,9,2,-,0,9,-,0,9
2,5,4,-,6,7,-,7,8,3,0
I,d,a,h,o
1,9,0
D,i,a,n,a, ,S,m,i,t,h
1,9,7,3,-,1,2,-,0,2
8,9,3,-,1,8,-,3,5,0,6
I,l,l,i,n,o,i,s
4,2,3
K,a,r,e,n, ,L,y,o,n,s
1,9,9,0,-,0,6,-,0,9
2,4,4,-,1,9,-,9,0,8,1
O,k,l,a,h,o,m,a
5,8,1
L,a,u,r,a, ,G,l,e,n,n
1,9,9,2,-,1,0,-,2,0
4,0,1,-,5,7,-,1,4,6,8
T,e,x,a,s
1,7,7
D,i,a,n,a, ,S,p,e,n,c,e
1,9,8,3,-,0,9,-,2,0
8,0,2,-,8,5,-,4,7,5,1
M,a,s,s,a,c,h,u,s,e,t,t,s
5,7,3
S,a,m,a,n,t,h,a, ,F,a,r,l,e,y
1,9,7,7,-,0,7,-,1,0
2,2,5,-,0,5,-,2,3,5,1
W,a,s,h,i,n,g,t,o,n
4,6
K,a,y,l,a, ,M,i,t,c,h,e,l,l
1,9,7,5,-,1,0,-,1,3
0,1,4,-,1,5,-,9,1,5,5
W,i,s,c,o,n,s,i,n
1,7
C,r,y,s,t,a,l, ,M,y,e,r,s
1,9,8,0,-,1,2,-,3,1
4,9,7,-,1,3,-,6,5,3,2
O,h,i,o
1,0,1
B,r,o,o,k,e, ,J,o,n,e,s
1,9,7,9,-,0,4,-,0,9
2,0,0,-,9,0,-,2,6,0,6
T,e,n,n,e,s,s,e,e
2,6,1
J,o,h,n, ,M,u,e,l,l,e,r
1,9,8,7,-,0,3,-,2,2
2,6,0,-,5,6,-,7,8,4,9
M,a,r,y,l,a,n,d
4,3,5
K,a,r,l,a, ,R,o,s,a,l,e,s
1,9,8,3,-,0,7,-,1,0
2,9,4,-,9,5,-,1,7,2,9
I,l,l,i,n,o,i,s
4,4,8
J,e,n,n,i,f,e,r, ,B,r,o,w,n
1,9,7,7,-,0,8,-,2,3
2,3,4,-,8,3,-,0,7,0,0
M,a,s,s,a,c,h,u,s,e,t,t,s
5,9,7
B,l,a,k,e, ,J,i,m,e,n,e,z
1,9,7,7,-,0,9,-,1,0
1,9,9,-,9,5,-,3,8,1,0
K,a,n,s,a,s
6,2,8
M,i,c,h,a,e,l, ,G,a,r,c,i,a
1,9,8,0,-,1,1,-,0,5
7,1,6,-,1,4,-,4,2,9,4
I,l,l,i,n,o,i,s
6,1,0
J,e,r,m,a,i,n,e, ,Q,u,i,n,n
1,9,8,9,-,1,2,-,2,4
8,0,0,-,4,2,-,1,7,5,4
C,a,l,i,f,o,r,n,i,a
1,1,3
P,a,t,r,i,c,i,a, ,C,r,u,z
1,9,7,6,-,0,4,-,2,2
2,1,4,-,7,8,-,3,8,2,2
I,n,d,i,a,n,a
2,3,5
C,a,m,e,r,o,n, ,M,c,i,n,t,o,s,h
1,9,7,5,-,0,2,-,0,1
7,8,1,-,8,2,-,8,9,2,1
N,e,v,a,d,a
2,1
M,i,c,h,e,l,l,e, ,B,r,e,w,e,r
1,9,8,8,-,0,6,-,1,0
0,3,8,-,8,4,-,6,8,3,6
O,k,l,a,h,o,m,a
3,6,2
H,a,n,n,a,h, ,N,o,l,a,n
1,9,7,8,-,0,9,-,1,5
5,7,0,-,4,6,-,1,3,3,2
O,k,l,a,h,o,m,a
3,6,8
E,r,i,c,a, ,J,o,h,n,s,o,n
1,9,7,8,-,0,5,-,2,7
6,2,0,-,0,5,-,9,4,1,3
L,o,u,i,s,i,a,n,a
3,2,3
J,e,r,e,m,y, ,O,b,r,i,e,n
1,9,8,2,-,0,1,-,1,3
1,5,3,-,1,7,-,7,5,9,2
O,r,e,g,o,n
